{"dataset_name": "dataset_name", "dataset_path": "datasets/pec_471_2005", "is_cached": false, "kernel": "1**2 * Matern(length_scale=1, nu=1.5)", "acq_func": "LCB", "surrogate_model": "RF", "optimization_type": "Maximize", "model_runs": 3, "save_models": true, "save_step": 1, "save_name": "result", "save_path": "tunning/res/nmf-pec_471_2005-30//", "early_stop": false, "early_step": 5, "plot_model": false, "plot_best_seen": false, "plot_name": "B0_plot", "log_scale_plot": false, "search_space": {"chunksize": ["Integer", [500, 10000], "uniform"], "passes": ["Integer", [1, 500], "uniform"], "kappa": ["Real", [0.5, 1], "uniform"], "minimum_probability": ["Real", [0.01, 0.1], "uniform"], "w_max_iter": ["Integer", [100, 500], "uniform"], "w_stop_condition": ["Real", [0.0001, 0.001], "uniform"], "h_max_iter": ["Integer", [10, 100], "uniform"], "h_stop_condition": ["Real", [0.001, 0.01], "uniform"]}, "model_name": "NMF", "model_attributes": {"kappa": 0.5923440144855607, "minimum_probability": 0.016771691717985537, "w_stop_condition": 0.0008490196321420753, "h_stop_condition": 0.008998741681027014, "eval_every": 10, "normalize": true}, "use_partitioning": true, "metric_name": "TDCI", "extra_metric_names": ["0_Coherence", "1_TopicDiversity"], "metric_attributes": {}, "extra_metric_attributes": {"0_Coherence": {"measure": "c_npmi", "topk": 10}, "1_TopicDiversity": {"topk": 10}}, "current_call": 9, "number_of_call": 10, "random_state": 42, "x0": {}, "y0": [], "n_random_starts": 1, "initial_point_generator": "lhs", "topk": 10, "time_eval": [60.56231951713562, 225.4677596092224, 116.57109832763672, 172.2718186378479, 95.95526266098022, 224.8067111968994, 47.15730094909668, 121.08268332481384, 33.7428297996521, 239.75542044639587], "dict_model_runs": {"TDCI": {"iteration_0": [0.572742083285025, 0.5716210533282772, 0.5917212271358967], "iteration_1": [0.5642343706009548, 0.5716232207656209, 0.5713377493583547], "iteration_2": [0.5909318900247962, 0.5914333692616315, 0.6002464378461001], "iteration_3": [0.5569602481661635, 0.5875238799322711, 0.5711551354000266], "iteration_4": [0.5901397110374529, 0.5808718248964788, 0.5613268976564926], "iteration_5": [0.5868908950127616, 0.5738957393281404, 0.5826912305312033], "iteration_6": [0.5559513212152335, 0.5779160030577903, 0.5561048289595454], "iteration_7": [0.5675484410307271, 0.5600794433792382, 0.5822418457100607], "iteration_8": [0.5532599805791693, 0.5668008672183782, 0.556289568708546], "iteration_9": [0.6000380753242339, 0.5810205128988382, 0.5808342429930414]}, "0_Coherence": {"iteration_0": [-0.02423102618566082, -0.02081299469944105, 0.004479416829869021], "iteration_1": [-0.06374738745233165, -0.030726681565006873, -0.05856195788198172], "iteration_2": [0.005461686266348915, -0.0027266900755261005, 0.012915311940087933], "iteration_3": [-0.05993210818716367, -0.01379219702355263, -0.047531256575502404], "iteration_4": [0.016659467846946344, -0.023319011148103797, -0.04415889483092732], "iteration_5": [-0.009361306920972588, -0.03684216269180277, -0.018164324326105832], "iteration_6": [-0.08072871140255229, -0.01581540658821162, -0.06547887848945759], "iteration_7": [-0.042384804395647284, -0.0834236200101599, -0.009854124535844914], "iteration_8": [-0.04045665113796127, 0.025836332778719547, -0.008085345483600705], "iteration_9": [0.003091476325432582, -0.046223709356455214, -0.029519436761887594]}, "1_TopicDiversity": {"iteration_0": [0.6933333333333334, 0.6866666666666666, 0.72], "iteration_1": [0.71, 0.6966666666666667, 0.7266666666666667], "iteration_2": [0.7166666666666667, 0.7266666666666667, 0.7366666666666667], "iteration_3": [0.6833333333333333, 0.7266666666666667, 0.7133333333333334], "iteration_4": [0.7033333333333334, 0.7166666666666667, 0.68], "iteration_5": [0.72, 0.71, 0.7166666666666667], "iteration_6": [0.7033333333333334, 0.7, 0.6866666666666666], "iteration_7": [0.6966666666666667, 0.72, 0.7066666666666667], "iteration_8": [0.6533333333333333, 0.6333333333333333, 0.6333333333333333], "iteration_9": [0.7466666666666667, 0.7433333333333333, 0.7233333333333334]}}, "f_val": [0.572742083285025, 0.5713377493583547, 0.5914333692616315, 0.5711551354000266, 0.5808718248964788, 0.5826912305312033, 0.5561048289595454, 0.5675484410307271, 0.556289568708546, 0.5810205128988382], "x_iters": {"chunksize": [4820, 1360, 5273, 5156, 9225, 5629, 8517, 7825, 6283, 3276], "h_max_iter": [85, 92, 80, 21, 31, 54, 38, 37, 73, 85], "h_stop_condition": [0.001621462067862438, 0.009169528088164087, 0.009716335654208971, 0.002346454071148054, 0.007001969630924772, 0.007352892880876622, 0.00933761704566553, 0.007504907301015866, 0.008611162668258135, 0.008998741681027014], "kappa": [0.6597236255198837, 0.8071647705303653, 0.6627570227987455, 0.885738137367893, 0.8367199355096173, 0.8157597011274815, 0.5100763110127147, 0.8498715429575868, 0.9741260887874006, 0.5923440144855607], "minimum_probability": [0.05366684736783671, 0.08182534973762229, 0.05797714744644096, 0.08306547005797021, 0.09200749448597417, 0.05643485976274054, 0.06530178717462123, 0.04999879510369369, 0.06850981301054385, 0.016771691717985537], "num_topics": [30, 30, 30, 30, 30, 30, 30, 30, 30, 30], "passes": [107, 443, 224, 335, 178, 447, 84, 236, 55, 478], "w_max_iter": [167, 109, 483, 249, 486, 179, 230, 491, 410, 459], "w_stop_condition": [0.000258599175944627, 0.00035215736837530164, 0.0008515426771950209, 0.00031851495066278677, 0.0006890760829715061, 0.0008133842126763416, 0.0005869803285776918, 0.000854360024746863, 0.0007852000380980156, 0.0008490196321420753]}}