{"dataset_name": "dataset_name", "dataset_path": "datasets/pec_471_2005", "is_cached": false, "kernel": "1**2 * Matern(length_scale=1, nu=1.5)", "acq_func": "LCB", "surrogate_model": "RF", "optimization_type": "Maximize", "model_runs": 3, "save_models": true, "save_step": 1, "save_name": "result", "save_path": "tunning/res/nmf-pec_471_2005-20//", "early_stop": false, "early_step": 5, "plot_model": false, "plot_best_seen": false, "plot_name": "B0_plot", "log_scale_plot": false, "search_space": {"chunksize": ["Integer", [500, 10000], "uniform"], "passes": ["Integer", [1, 500], "uniform"], "kappa": ["Real", [0.5, 1], "uniform"], "minimum_probability": ["Real", [0.01, 0.1], "uniform"], "w_max_iter": ["Integer", [100, 500], "uniform"], "w_stop_condition": ["Real", [0.0001, 0.001], "uniform"], "h_max_iter": ["Integer", [10, 100], "uniform"], "h_stop_condition": ["Real", [0.001, 0.01], "uniform"]}, "model_name": "NMF", "model_attributes": {"kappa": 0.7975450112349349, "minimum_probability": 0.09066270992167494, "w_stop_condition": 0.0006539432723390425, "h_stop_condition": 0.0044271927119839466, "eval_every": 10, "normalize": true}, "use_partitioning": true, "metric_name": "TDCI", "extra_metric_names": ["0_Coherence", "1_TopicDiversity"], "metric_attributes": {}, "extra_metric_attributes": {"0_Coherence": {"measure": "c_npmi", "topk": 10}, "1_TopicDiversity": {"topk": 10}}, "current_call": 9, "number_of_call": 10, "random_state": 42, "x0": {}, "y0": [], "n_random_starts": 1, "initial_point_generator": "lhs", "topk": 10, "time_eval": [53.21142840385437, 200.54092502593994, 104.06518959999084, 154.02205348014832, 84.11807751655579, 203.84066438674927, 42.218570709228516, 109.51405572891235, 148.05427622795105, 205.89122605323792], "dict_model_runs": {"TDCI": {"iteration_0": [0.5674063691260254, 0.5591782812405289, 0.5615553505942502], "iteration_1": [0.5868776555246613, 0.5841641177952889, 0.5774709068156473], "iteration_2": [0.5752829428737393, 0.5814815848610269, 0.5645911526046129], "iteration_3": [0.5524796765937955, 0.5832684669412548, 0.5667547930328474], "iteration_4": [0.5675225068667725, 0.5861425778048983, 0.5864538579960623], "iteration_5": [0.5940975185392121, 0.5809778779193441, 0.580856828020352], "iteration_6": [0.552964993403248, 0.5720261931937973, 0.5550664373288375], "iteration_7": [0.5599307617062836, 0.5850342772149382, 0.5700832096911261], "iteration_8": [0.5701462077461715, 0.5760840223366636, 0.5919819588061938], "iteration_9": [0.5631101697684854, 0.5860517992629234, 0.572470138663162]}, "0_Coherence": {"iteration_0": [-0.01588040045220367, -0.07758698223154592, -0.08745540149870648], "iteration_1": [-0.009399027667898765, -0.05119105183593799, -0.053042224853151076], "iteration_2": [-0.0706521967085424, -0.04635112838037714, -0.05384337727469608], "iteration_3": [-0.09968360110172073, -0.04562822499112479, -0.06114815640347886], "iteration_4": [-0.06331978037241946, -0.02514866341982782, -0.03290356984300573], "iteration_5": [-0.024704819070251287, -0.030613949198335565, -0.021807756950306845], "iteration_6": [-0.0902581169996112, -0.055281634029327995, -0.08029098784562344], "iteration_7": [-0.05775705870591456, -0.02379027830369729, -0.04753245612760879], "iteration_8": [-0.07646426345614717, -0.07961957789196397, -0.008888839844440945], "iteration_9": [-0.062469153565686095, -0.03399643896659406, -0.05827799282236372]}, "1_TopicDiversity": {"iteration_0": [0.67, 0.71, 0.73], "iteration_1": [0.72, 0.76, 0.74], "iteration_2": [0.755, 0.745, 0.7], "iteration_3": [0.715, 0.75, 0.715], "iteration_4": [0.72, 0.735, 0.745], "iteration_5": [0.76, 0.725, 0.715], "iteration_6": [0.705, 0.725, 0.7], "iteration_7": [0.69, 0.73, 0.71], "iteration_8": [0.745, 0.77, 0.735], "iteration_9": [0.705, 0.745, 0.73]}}, "f_val": [0.5615553505942502, 0.5841641177952889, 0.5752829428737393, 0.5667547930328474, 0.5861425778048983, 0.5809778779193441, 0.5550664373288375, 0.5700832096911261, 0.5760840223366636, 0.572470138663162], "x_iters": {"chunksize": [4820, 1360, 5273, 5156, 9225, 5629, 8517, 7825, 9341, 8504], "h_max_iter": [85, 92, 80, 21, 31, 54, 38, 37, 25, 83], "h_stop_condition": [0.001621462067862438, 0.009169528088164087, 0.009716335654208971, 0.002346454071148054, 0.007001969630924772, 0.007352892880876622, 0.00933761704566553, 0.007504907301015866, 0.007420780728771931, 0.0044271927119839466], "kappa": [0.6597236255198837, 0.8071647705303653, 0.6627570227987455, 0.885738137367893, 0.8367199355096173, 0.8157597011274815, 0.5100763110127147, 0.8498715429575868, 0.8090332718532651, 0.7975450112349349], "minimum_probability": [0.05366684736783671, 0.08182534973762229, 0.05797714744644096, 0.08306547005797021, 0.09200749448597417, 0.05643485976274054, 0.06530178717462123, 0.04999879510369369, 0.09282518631455257, 0.09066270992167494], "num_topics": [20, 20, 20, 20, 20, 20, 20, 20, 20, 20], "passes": [107, 443, 224, 335, 178, 447, 84, 236, 322, 447], "w_max_iter": [167, 109, 483, 249, 486, 179, 230, 491, 137, 194], "w_stop_condition": [0.000258599175944627, 0.00035215736837530164, 0.0008515426771950209, 0.00031851495066278677, 0.0006890760829715061, 0.0008133842126763416, 0.0005869803285776918, 0.000854360024746863, 0.000646113093392464, 0.0006539432723390425]}}