{"dataset_name": "dataset_name", "dataset_path": "datasets/pec_471_2005", "is_cached": false, "kernel": "1**2 * Matern(length_scale=1, nu=1.5)", "acq_func": "LCB", "surrogate_model": "RF", "optimization_type": "Maximize", "model_runs": 3, "save_models": true, "save_step": 1, "save_name": "result", "save_path": "tunning/res/lsi-pec_471_2005-30//", "early_stop": false, "early_step": 5, "plot_model": false, "plot_best_seen": false, "plot_name": "B0_plot", "log_scale_plot": false, "search_space": {"chunksize": ["Integer", [500, 50000], "uniform"], "decay": ["Real", [0.5, 1], "uniform"], "extra_samples": ["Integer", [10, 200], "uniform"]}, "model_name": "LSI", "model_attributes": {"decay": 0.5136536742961522, "distributed": false, "onepass": true, "power_iters": 2}, "use_partitioning": true, "metric_name": "TDCI", "extra_metric_names": ["0_Coherence", "1_TopicDiversity"], "metric_attributes": {}, "extra_metric_attributes": {"0_Coherence": {"measure": "c_npmi", "topk": 10}, "1_TopicDiversity": {"topk": 10}}, "current_call": 9, "number_of_call": 10, "random_state": 42, "x0": {}, "y0": [], "n_random_starts": 1, "initial_point_generator": "lhs", "topk": 10, "time_eval": [41.38121199607849, 41.53027057647705, 41.508965492248535, 41.29754042625427, 41.33438754081726, 41.34901976585388, 41.5279860496521, 41.69444823265076, 41.58276677131653, 41.62206268310547], "dict_model_runs": {"TDCI": {"iteration_0": [0.3720463340282316, 0.376490322538674, 0.36366802895351774], "iteration_1": [0.3796304824900261, 0.3815757418413369, 0.3814606217426121], "iteration_2": [0.3655969645187555, 0.362138121820284, 0.3721788783167038], "iteration_3": [0.37305576048179845, 0.36895707855606513, 0.36686407670593163], "iteration_4": [0.3743749808592478, 0.3568111891020428, 0.35986871107149565], "iteration_5": [0.37954394424993343, 0.3661151211806954, 0.3666187854364204], "iteration_6": [0.3709936188154638, 0.3805730151325434, 0.37740095977000854], "iteration_7": [0.3602194538040361, 0.3533672186026651, 0.3735786670855698], "iteration_8": [0.3613865917548061, 0.3690120910325032, 0.37162109856518505], "iteration_9": [0.3585694536635633, 0.37965283801664873, 0.369299249828681]}, "0_Coherence": {"iteration_0": [-0.20588649909410914, -0.17614313271801396, -0.19002698810493032], "iteration_1": [-0.16095608582395854, -0.17954945771486014, -0.17109318772227156], "iteration_2": [-0.18039569059487243, -0.17694496263323645, -0.1778288771368219], "iteration_3": [-0.17353745577434124, -0.1737874911416588, -0.2033249665648977], "iteration_4": [-0.1862051851523963, -0.18277640876525603, -0.17782845334160816], "iteration_5": [-0.18888569932749114, -0.16720039891619357, -0.1951583302677519], "iteration_6": [-0.18359077302077367, -0.17527292309505457, -0.18108661559977704], "iteration_7": [-0.16467450207066417, -0.189740562742938, -0.1709666843296197], "iteration_8": [-0.19127062238633466, -0.18353336291391364, -0.19002250197481715], "iteration_9": [-0.1845787412488521, -0.17040942405643736, -0.1720696823353582]}, "1_TopicDiversity": {"iteration_0": [0.35, 0.3466666666666667, 0.33], "iteration_1": [0.3466666666666667, 0.3566666666666667, 0.35333333333333333], "iteration_2": [0.33, 0.3233333333333333, 0.34], "iteration_3": [0.34, 0.3333333333333333, 0.34], "iteration_4": [0.3466666666666667, 0.31666666666666665, 0.32], "iteration_5": [0.3566666666666667, 0.32666666666666666, 0.33666666666666667], "iteration_6": [0.34, 0.35333333333333333, 0.35], "iteration_7": [0.31666666666666665, 0.31333333333333335, 0.34], "iteration_8": [0.32666666666666666, 0.33666666666666667, 0.3433333333333333], "iteration_9": [0.32, 0.35, 0.3333333333333333]}}, "f_val": [0.3720463340282316, 0.3814606217426121, 0.3655969645187555, 0.36895707855606513, 0.35986871107149565, 0.3666187854364204, 0.37740095977000854, 0.3602194538040361, 0.3690120910325032, 0.369299249828681], "x_iters": {"chunksize": [23008, 16295, 9581, 840, 27801, 7655, 8582, 14365, 20923, 34633], "decay": [0.9163160161574799, 0.647301666470228, 0.9777513909955975, 0.6895533024969718, 0.8556546863507225, 0.9594720691623109, 0.7153861531897843, 0.6169617268478086, 0.5462315023082369, 0.5136536742961522], "extra_samples": [23, 174, 164, 129, 83, 31, 125, 144, 118, 126], "num_topics": [30, 30, 30, 30, 30, 30, 30, 30, 30, 30]}}