{"dataset_name": "dataset_name", "dataset_path": "datasets/pec_471_2005", "is_cached": false, "kernel": "1**2 * Matern(length_scale=1, nu=1.5)", "acq_func": "LCB", "surrogate_model": "RF", "optimization_type": "Maximize", "model_runs": 3, "save_models": true, "save_step": 1, "save_name": "result", "save_path": "tunning/res/lsi-pec_471_2005-40//", "early_stop": false, "early_step": 5, "plot_model": false, "plot_best_seen": false, "plot_name": "B0_plot", "log_scale_plot": false, "search_space": {"chunksize": ["Integer", [500, 50000], "uniform"], "decay": ["Real", [0.5, 1], "uniform"], "extra_samples": ["Integer", [10, 200], "uniform"]}, "model_name": "LSI", "model_attributes": {"decay": 0.9885509189135784, "distributed": false, "onepass": true, "power_iters": 2}, "use_partitioning": true, "metric_name": "TDCI", "extra_metric_names": ["0_Coherence", "1_TopicDiversity"], "metric_attributes": {}, "extra_metric_attributes": {"0_Coherence": {"measure": "c_npmi", "topk": 10}, "1_TopicDiversity": {"topk": 10}}, "current_call": 9, "number_of_call": 10, "random_state": 42, "x0": {}, "y0": [], "n_random_starts": 1, "initial_point_generator": "lhs", "topk": 10, "time_eval": [54.54007530212402, 54.75564527511597, 54.592710971832275, 54.37101411819458, 54.61374068260193, 54.42539620399475, 54.532249450683594, 54.46323347091675, 54.26746463775635, 54.35130190849304], "dict_model_runs": {"TDCI": {"iteration_0": [0.32747734561200653, 0.3442954113163557, 0.33764975666461905], "iteration_1": [0.33475098178562734, 0.33753174275816883, 0.342563036713428], "iteration_2": [0.34457903483335367, 0.33960955194393944, 0.3404622021902051], "iteration_3": [0.33694340372127124, 0.333822404849953, 0.33169799118605503], "iteration_4": [0.3181449222468387, 0.34429485449344716, 0.3356935868628348], "iteration_5": [0.33453704772231174, 0.3514958494706908, 0.3401638863247411], "iteration_6": [0.3346557416104576, 0.3417069272997276, 0.33377245821208423], "iteration_7": [0.3237721538658528, 0.3354548889741499, 0.35072736296757867], "iteration_8": [0.34302620687972374, 0.3485360137817274, 0.3320743441296668], "iteration_9": [0.32234326470500335, 0.33691318574366075, 0.345441932634955]}, "0_Coherence": {"iteration_0": [-0.2478422939308583, -0.20957254843260076, -0.2193455789601421], "iteration_1": [-0.23466825915791906, -0.2284055687987224, -0.22669719616147938], "iteration_2": [-0.22431830319302398, -0.23384191943477295, -0.2129188001208596], "iteration_3": [-0.23147320731485385, -0.23117703269049436, -0.22519823417108262], "iteration_4": [-0.2453056929723619, -0.21781562327804185, -0.22972331549034405], "iteration_5": [-0.2357855823481488, -0.21271041712380914, -0.22291885207612383], "iteration_6": [-0.22674240339113724, -0.22308383308242505, -0.21378402936844113], "iteration_7": [-0.23246810597462203, -0.2309789302109415, -0.23824380274288495], "iteration_8": [-0.21623023836514715, -0.22740595886716203, -0.24851671814562576], "iteration_9": [-0.23105380257124156, -0.21458263176276504, -0.22770532100250737]}, "1_TopicDiversity": {"iteration_0": [0.29, 0.305, 0.2975], "iteration_1": [0.2975, 0.3, 0.3075], "iteration_2": [0.31, 0.305, 0.3], "iteration_3": [0.3, 0.295, 0.29], "iteration_4": [0.275, 0.3075, 0.2975], "iteration_5": [0.2975, 0.3175, 0.3025], "iteration_6": [0.295, 0.305, 0.29], "iteration_7": [0.28, 0.2975, 0.325], "iteration_8": [0.305, 0.3175, 0.2975], "iteration_9": [0.2775, 0.295, 0.3125]}}, "f_val": [0.33764975666461905, 0.33753174275816883, 0.3404622021902051, 0.333822404849953, 0.3356935868628348, 0.3401638863247411, 0.3346557416104576, 0.3354548889741499, 0.34302620687972374, 0.33691318574366075], "x_iters": {"chunksize": [23008, 16295, 9581, 840, 27801, 7655, 32650, 3383, 1688, 3051], "decay": [0.9163160161574799, 0.647301666470228, 0.9777513909955975, 0.6895533024969718, 0.8556546863507225, 0.9594720691623109, 0.8890705637201624, 0.9965503432768914, 0.9817930598682538, 0.9885509189135784], "extra_samples": [23, 174, 164, 129, 83, 31, 150, 24, 22, 39], "num_topics": [40, 40, 40, 40, 40, 40, 40, 40, 40, 40]}}