{"dataset_name": "dataset_name", "dataset_path": "datasets/pec_471_2005", "is_cached": false, "kernel": "1**2 * Matern(length_scale=1, nu=1.5)", "acq_func": "LCB", "surrogate_model": "RF", "optimization_type": "Maximize", "model_runs": 3, "save_models": true, "save_step": 1, "save_name": "result", "save_path": "tunning/res/lsi-pec_471_2005-50//", "early_stop": false, "early_step": 5, "plot_model": false, "plot_best_seen": false, "plot_name": "B0_plot", "log_scale_plot": false, "search_space": {"chunksize": ["Integer", [500, 50000], "uniform"], "decay": ["Real", [0.5, 1], "uniform"], "extra_samples": ["Integer", [10, 200], "uniform"]}, "model_name": "LSI", "model_attributes": {"decay": 0.9885509189135784, "distributed": false, "onepass": true, "power_iters": 2}, "use_partitioning": true, "metric_name": "TDCI", "extra_metric_names": ["0_Coherence", "1_TopicDiversity"], "metric_attributes": {}, "extra_metric_attributes": {"0_Coherence": {"measure": "c_npmi", "topk": 10}, "1_TopicDiversity": {"topk": 10}}, "current_call": 9, "number_of_call": 10, "random_state": 42, "x0": {}, "y0": [], "n_random_starts": 1, "initial_point_generator": "lhs", "topk": 10, "time_eval": [67.45603108406067, 67.85809803009033, 67.98491263389587, 68.08771085739136, 68.06238293647766, 67.68961834907532, 67.8704023361206, 67.96472835540771, 67.69895029067993, 67.7423038482666], "dict_model_runs": {"TDCI": {"iteration_0": [0.32884292896849204, 0.32785266983450956, 0.31921732274185116], "iteration_1": [0.3189308598146587, 0.3086045230242581, 0.308332944076441], "iteration_2": [0.31665035607475195, 0.3118359482665472, 0.32078017075625], "iteration_3": [0.31020683146173356, 0.3146912344337628, 0.305845483031919], "iteration_4": [0.3192608820463105, 0.31138121410275077, 0.3087607248759384], "iteration_5": [0.3080598219594058, 0.3163292354329302, 0.31816353901234], "iteration_6": [0.3111473448988154, 0.31209475261221103, 0.3331572203017658], "iteration_7": [0.31716319176095453, 0.31040900807752436, 0.31101433661227335], "iteration_8": [0.3161595976985101, 0.33144342621711465, 0.34101706550607563], "iteration_9": [0.3136103395177602, 0.3239683176102066, 0.31844144191155893]}, "0_Coherence": {"iteration_0": [-0.26638518341104844, -0.26522528007217977, -0.2711894521127372], "iteration_1": [-0.2660152771604381, -0.2573083529209466, -0.2508523751846422], "iteration_2": [-0.25731352876497116, -0.25436720572121163, -0.262991413160859], "iteration_3": [-0.25592823518741864, -0.2608473322844672, -0.2573602769242442], "iteration_4": [-0.27096235407545965, -0.2645142657215532, -0.2564030206620431], "iteration_5": [-0.2681624766204508, -0.2730175400517434, -0.25621611187681037], "iteration_6": [-0.25829216119011084, -0.24497295829914825, -0.25703405759434245], "iteration_7": [-0.2544861976073394, -0.2624739715372618, -0.25904752367758], "iteration_8": [-0.26707621137408494, -0.2595003245348145, -0.2593284352751626], "iteration_9": [-0.2594979117528022, -0.2528781973029756, -0.2617640671410923]}, "1_TopicDiversity": {"iteration_0": [0.298, 0.296, 0.284], "iteration_1": [0.282, 0.264, 0.262], "iteration_2": [0.276, 0.268, 0.284], "iteration_3": [0.266, 0.274, 0.26], "iteration_4": [0.284, 0.27, 0.264], "iteration_5": [0.266, 0.28, 0.278], "iteration_6": [0.268, 0.266, 0.302], "iteration_7": [0.276, 0.268, 0.268], "iteration_8": [0.278, 0.3, 0.316], "iteration_9": [0.272, 0.286, 0.28]}}, "f_val": [0.32785266983450956, 0.3086045230242581, 0.31665035607475195, 0.31020683146173356, 0.31138121410275077, 0.3163292354329302, 0.31209475261221103, 0.31101433661227335, 0.33144342621711465, 0.31844144191155893], "x_iters": {"chunksize": [23008, 16295, 9581, 840, 27801, 7655, 32650, 42785, 1688, 3051], "decay": [0.9163160161574799, 0.647301666470228, 0.9777513909955975, 0.6895533024969718, 0.8556546863507225, 0.9594720691623109, 0.8890705637201624, 0.9405607495483401, 0.9817930598682538, 0.9885509189135784], "extra_samples": [23, 174, 164, 129, 83, 31, 150, 174, 22, 39], "num_topics": [50, 50, 50, 50, 50, 50, 50, 50, 50, 50]}}