{"dataset_name": "dataset_name", "dataset_path": "datasets/pl_3723_2019", "is_cached": false, "kernel": "1**2 * Matern(length_scale=1, nu=1.5)", "acq_func": "LCB", "surrogate_model": "RF", "optimization_type": "Maximize", "model_runs": 3, "save_models": true, "save_step": 1, "save_name": "result", "save_path": "tunning/res/lsi-pl_3723_2019-30//", "early_stop": false, "early_step": 5, "plot_model": false, "plot_best_seen": false, "plot_name": "B0_plot", "log_scale_plot": false, "search_space": {"chunksize": ["Integer", [500, 50000], "uniform"], "decay": ["Real", [0.5, 1], "uniform"], "power_iters": ["Integer", [1, 10], "uniform"], "extra_samples": ["Integer", [10, 200], "uniform"]}, "model_name": "LSI", "model_attributes": {"decay": 0.9762847367242986, "distributed": false, "onepass": true}, "use_partitioning": true, "metric_name": "TDCI", "extra_metric_names": ["0_Coherence", "1_TopicDiversity"], "metric_attributes": {}, "extra_metric_attributes": {"0_Coherence": {"measure": "c_npmi", "topk": 10}, "1_TopicDiversity": {"topk": 10}}, "current_call": 9, "number_of_call": 10, "random_state": 42, "x0": {}, "y0": [], "n_random_starts": 1, "initial_point_generator": "lhs", "topk": 10, "time_eval": [42.61222720146179, 43.39823627471924, 43.5555624961853, 42.899925231933594, 43.0205283164978, 42.72119927406311, 42.552929162979126, 42.60783767700195, 42.55197191238403, 42.67664051055908], "dict_model_runs": {"TDCI": {"iteration_0": [0.3429360040098374, 0.3378864622818504, 0.3559844286584065], "iteration_1": [0.3259864219895915, 0.33213044755355314, 0.3324275044922543], "iteration_2": [0.3243088281915986, 0.35076367735072095, 0.3241034275975868], "iteration_3": [0.33780270624947556, 0.3719727482918931, 0.3455178328077991], "iteration_4": [0.32567258738507643, 0.3457279953728188, 0.32406139233970777], "iteration_5": [0.35040600392698695, 0.342494983858561, 0.33491196004385004], "iteration_6": [0.33804056556097933, 0.3565014169492727, 0.34324484962705454], "iteration_7": [0.35809217861351966, 0.314954741811857, 0.35530276688023255], "iteration_8": [0.3661428483680194, 0.3336658534680439, 0.3376393144757793], "iteration_9": [0.33738343559391, 0.3259716323687853, 0.3587631033840301]}, "0_Coherence": {"iteration_0": [-0.16097389021503053, -0.1630875765326663, -0.15159104127675305], "iteration_1": [-0.14447890710856726, -0.15368768307192132, -0.1517562244705066], "iteration_2": [-0.13823097331776932, -0.14202054229866548, -0.1396797795698998], "iteration_3": [-0.1486416764728943, -0.14764310523836663, -0.14534932260217984], "iteration_4": [-0.14663707191838066, -0.1291180347969842, -0.13997590352992148], "iteration_5": [-0.1704554256994202, -0.16360886239275443, -0.15155761346370739], "iteration_6": [-0.16214150721135737, -0.14864863575373052, -0.1591227795040981], "iteration_7": [-0.1523080541654923, -0.14897916083958812, -0.14247692121338018], "iteration_8": [-0.1559633805286484, -0.17443796791076385, -0.16460220563462943], "iteration_9": [-0.13551475141750277, -0.1616024730956709, -0.14853863684850957]}, "1_TopicDiversity": {"iteration_0": [0.29, 0.2833333333333333, 0.30666666666666664], "iteration_1": [0.2633333333333333, 0.2733333333333333, 0.2733333333333333], "iteration_2": [0.26, 0.2966666666666667, 0.26], "iteration_3": [0.28, 0.33, 0.29], "iteration_4": [0.2633333333333333, 0.2866666666666667, 0.26], "iteration_5": [0.30333333333333334, 0.29, 0.27666666666666667], "iteration_6": [0.2833333333333333, 0.30666666666666664, 0.29], "iteration_7": [0.31, 0.25, 0.30333333333333334], "iteration_8": [0.3233333333333333, 0.28, 0.2833333333333333], "iteration_9": [0.27666666666666667, 0.26666666666666666, 0.31]}}, "f_val": [0.3429360040098374, 0.33213044755355314, 0.3243088281915986, 0.3455178328077991, 0.32567258738507643, 0.342494983858561, 0.34324484962705454, 0.35530276688023255, 0.3376393144757793, 0.33738343559391], "x_iters": {"chunksize": [23008, 16295, 34399, 30062, 5053, 33448, 37889, 43789, 31128, 33269], "decay": [0.9163160161574799, 0.647301666470228, 0.7790174018201665, 0.8727254167729189, 0.6709280058985376, 0.5905996044139259, 0.7487364103913802, 0.9043841724006718, 0.9258190896981857, 0.9762847367242986], "extra_samples": [23, 174, 147, 51, 53, 77, 33, 37, 27, 39], "num_topics": [30, 30, 30, 30, 30, 30, 30, 30, 30, 30], "power_iters": [5, 10, 6, 2, 7, 1, 1, 2, 2, 4]}}