{"dataset_name": "dataset_name", "dataset_path": "datasets/pl_3723_2019", "is_cached": false, "kernel": "1**2 * Matern(length_scale=1, nu=1.5)", "acq_func": "LCB", "surrogate_model": "RF", "optimization_type": "Maximize", "model_runs": 3, "save_models": true, "save_step": 1, "save_name": "result", "save_path": "tunning/res/lsi-pl_3723_2019-20//", "early_stop": false, "early_step": 5, "plot_model": false, "plot_best_seen": false, "plot_name": "B0_plot", "log_scale_plot": false, "search_space": {"chunksize": ["Integer", [500, 50000], "uniform"], "decay": ["Real", [0.5, 1], "uniform"], "power_iters": ["Integer", [1, 10], "uniform"], "extra_samples": ["Integer", [10, 200], "uniform"]}, "model_name": "LSI", "model_attributes": {"decay": 0.79253081017842, "distributed": false, "onepass": true}, "use_partitioning": true, "metric_name": "TDCI", "extra_metric_names": ["0_Coherence", "1_TopicDiversity"], "metric_attributes": {}, "extra_metric_attributes": {"0_Coherence": {"measure": "c_npmi", "topk": 10}, "1_TopicDiversity": {"topk": 10}}, "current_call": 9, "number_of_call": 10, "random_state": 42, "x0": {}, "y0": [], "n_random_starts": 1, "initial_point_generator": "lhs", "topk": 10, "time_eval": [29.051290273666382, 30.06161880493164, 29.625746965408325, 28.954259872436523, 29.111175775527954, 29.182234048843384, 28.99511694908142, 29.314175128936768, 29.292725086212158, 29.18263006210327], "dict_model_runs": {"TDCI": {"iteration_0": [0.38782233897070334, 0.3713497687963322, 0.40480212567787144], "iteration_1": [0.39168330868432133, 0.3968767545360038, 0.3595137479947669], "iteration_2": [0.4218273694731205, 0.41035800709653714, 0.3986122463529715], "iteration_3": [0.39419911400390195, 0.40840494950123285, 0.3860449539010468], "iteration_4": [0.3822650031747717, 0.4063073102300722, 0.3969524757760909], "iteration_5": [0.3772782485340051, 0.40272846853323635, 0.42167979252213245], "iteration_6": [0.4080558155666341, 0.4232114832097063, 0.3969681319655671], "iteration_7": [0.38584995697139685, 0.39757986823437036, 0.3912127729157433], "iteration_8": [0.3576820044229936, 0.40065202664417443, 0.4144744192287639], "iteration_9": [0.3802373016194411, 0.4143037617932771, 0.40706165627735935]}, "0_Coherence": {"iteration_0": [-0.09740125384317053, -0.07405331762937131, -0.07531885767033664], "iteration_1": [-0.0762080104002126, -0.08349579805419323, -0.079714692431649], "iteration_2": [-0.08137774875475337, -0.1080245172968197, -0.10699516668782334], "iteration_3": [-0.08047135238709083, -0.07294713437437425, -0.10697036116078895], "iteration_4": [-0.0915984482354876, -0.1133635025040988, -0.08309188878916733], "iteration_5": [-0.11926251609122158, -0.06943148526102079, -0.08207733947692838], "iteration_6": [-0.11883067387534052, -0.07478816898809067, -0.09962082945321753], "iteration_7": [-0.10801314853101626, -0.07973749584984123, -0.0965583905775802], "iteration_8": [-0.09162274715126237, -0.09669237555365442, -0.10232815845815886], "iteration_9": [-0.10296611906617788, -0.10312828106037104, -0.09525102372652353]}, "1_TopicDiversity": {"iteration_0": [0.34, 0.31, 0.36], "iteration_1": [0.34, 0.35, 0.295], "iteration_2": [0.39, 0.38, 0.36], "iteration_3": [0.345, 0.365, 0.34], "iteration_4": [0.33, 0.375, 0.35], "iteration_5": [0.33, 0.355, 0.39], "iteration_6": [0.38, 0.39, 0.355], "iteration_7": [0.34, 0.35, 0.345], "iteration_8": [0.295, 0.36, 0.385], "iteration_9": [0.33, 0.385, 0.37]}}, "f_val": [0.38782233897070334, 0.39168330868432133, 0.41035800709653714, 0.39419911400390195, 0.3969524757760909, 0.40272846853323635, 0.4080558155666341, 0.3912127729157433, 0.40065202664417443, 0.40706165627735935], "x_iters": {"chunksize": [23008, 16295, 34399, 30062, 5053, 33448, 37889, 42519, 44197, 34436], "decay": [0.9163160161574799, 0.647301666470228, 0.7790174018201665, 0.8727254167729189, 0.6709280058985376, 0.5905996044139259, 0.7487364103913802, 0.6018168331913291, 0.9107868904483121, 0.79253081017842], "extra_samples": [23, 174, 147, 51, 53, 77, 33, 89, 137, 136], "num_topics": [20, 20, 20, 20, 20, 20, 20, 20, 20, 20], "power_iters": [5, 10, 6, 2, 7, 1, 1, 1, 1, 1]}}