dataset,surrogate model,acquisition function,num_iteration,time,Median(model_runs),Mean(model_runs),Standard_Deviation(model_runs),activation,dropout,n_topics,num_layers,num_neurons,solver,Coherence(not optimized),Topic diversity(not optimized)
20NewsGroup,RF,LCB,0,90.3290958404541,0.5747369904527965,0.5747369904527965,0.0,rrelu,0.7910004306992118,10,2,50,adam,-0.03447031607338471,0.71
20NewsGroup,RF,LCB,1,99.62640714645386,0.626406214715841,0.626406214715841,0.0,sigmoid,0.7055276827236003,30,1,50,adam,-0.014790771665467517,0.86
20NewsGroup,RF,LCB,2,97.5012936592102,0.6667536365815824,0.6667536365815824,0.0,relu,0.2179825263997866,40,1,300,adam,0.05223970963280143,0.91
20NewsGroup,RF,LCB,3,74.29889607429504,0.5646582476663949,0.5646582476663949,0.0,tanh,0.0018134113589546642,30,1,10,sgd,-0.07923310909579472,0.73
20NewsGroup,RF,LCB,4,106.8723042011261,0.5374482740763346,0.5374482740763346,0.0,relu,0.4136053267961701,40,3,200,sgd,-0.05140670037003773,0.62
