{"dataset_name": "dataset_name", "dataset_path": "datasets/pec_471_2005", "is_cached": false, "kernel": "1**2 * Matern(length_scale=1, nu=1.5)", "acq_func": "LCB", "surrogate_model": "RF", "optimization_type": "Maximize", "model_runs": 3, "save_models": true, "save_step": 1, "save_name": "result", "save_path": "tunning/res/nmf-pec_471_2005-40//", "early_stop": false, "early_step": 5, "plot_model": false, "plot_best_seen": false, "plot_name": "B0_plot", "log_scale_plot": false, "search_space": {"chunksize": ["Integer", [500, 10000], "uniform"], "passes": ["Integer", [1, 500], "uniform"], "kappa": ["Real", [0.5, 1], "uniform"], "minimum_probability": ["Real", [0.01, 0.1], "uniform"], "w_max_iter": ["Integer", [100, 500], "uniform"], "w_stop_condition": ["Real", [0.0001, 0.001], "uniform"], "h_max_iter": ["Integer", [10, 100], "uniform"], "h_stop_condition": ["Real", [0.001, 0.01], "uniform"]}, "model_name": "NMF", "model_attributes": {"kappa": 0.7641381770363276, "minimum_probability": 0.02199339721616672, "w_stop_condition": 0.0005601670636900133, "h_stop_condition": 0.006286024997791843, "eval_every": 10, "normalize": true}, "use_partitioning": true, "metric_name": "TDCI", "extra_metric_names": ["0_Coherence", "1_TopicDiversity"], "metric_attributes": {}, "extra_metric_attributes": {"0_Coherence": {"measure": "c_npmi", "topk": 10}, "1_TopicDiversity": {"topk": 10}}, "current_call": 9, "number_of_call": 10, "random_state": 42, "x0": {}, "y0": [], "n_random_starts": 1, "initial_point_generator": "lhs", "topk": 10, "time_eval": [64.88499689102173, 232.82002449035645, 121.96984529495239, 179.05652594566345, 98.84602165222168, 235.9884991645813, 50.69069170951843, 212.03662943840027, 226.4272747039795, 252.24906849861145], "dict_model_runs": {"TDCI": {"iteration_0": [0.5587765194901237, 0.5686792072300396, 0.5808334767845711], "iteration_1": [0.5653527739699449, 0.5740337611094362, 0.5738612049499819], "iteration_2": [0.5704339667027929, 0.566754916629729, 0.5706308298522007], "iteration_3": [0.5551804634139146, 0.5825959505747105, 0.5634742240653922], "iteration_4": [0.5700564507279334, 0.5635784368334364, 0.562599725900466], "iteration_5": [0.5829665763738927, 0.5602379066400349, 0.5785230522005934], "iteration_6": [0.5450423036112284, 0.5589391862960341, 0.5561599746274898], "iteration_7": [0.5798506766358177, 0.5999151498314398, 0.5688692551969913], "iteration_8": [0.5603716580517654, 0.558022086524211, 0.576811373886126], "iteration_9": [0.5840628913755233, 0.5709572733646661, 0.5827630748530487]}, "0_Coherence": {"iteration_0": [-0.02280834497948931, -0.01474552678759591, 0.03724961192835344], "iteration_1": [0.0004238498694887953, 0.004228647206137781, -0.02014578305712196], "iteration_2": [-0.027628579173777514, -0.020507319409163977, -0.011570318910123552], "iteration_3": [-0.04956738849827767, 0.02488973555048852, -0.016839875882023486], "iteration_4": [-0.03602040470868554, -0.024687344641692185, 0.006898335952736899], "iteration_5": [0.020335187344514682, -0.0036922934470117576, -0.014053558958047264], "iteration_6": [-0.021250455354689498, -0.033243303150553495, -0.03889408498819531], "iteration_7": [0.010828179436343812, 0.033483100052669135, -0.014174926887927842], "iteration_8": [-0.017919447110714984, -0.038613201075115185, -0.006355624290400564], "iteration_9": [0.009975809392006912, -0.013258998359468963, -0.004201714703824881]}, "1_TopicDiversity": {"iteration_0": [0.6525, 0.6725, 0.66], "iteration_1": [0.65, 0.67, 0.6925], "iteration_2": [0.69, 0.6725, 0.675], "iteration_3": [0.6675, 0.675, 0.66], "iteration_4": [0.6975, 0.6675, 0.6375], "iteration_5": [0.68, 0.64, 0.7], "iteration_6": [0.615, 0.6625, 0.66], "iteration_7": [0.68, 0.715, 0.6725], "iteration_8": [0.6525, 0.665, 0.6875], "iteration_9": [0.6925, 0.6775, 0.7025]}}, "f_val": [0.5686792072300396, 0.5738612049499819, 0.5704339667027929, 0.5634742240653922, 0.5635784368334364, 0.5785230522005934, 0.5561599746274898, 0.5798506766358177, 0.5603716580517654, 0.5827630748530487], "x_iters": {"chunksize": [4820, 1360, 5273, 5156, 9225, 5629, 8517, 6693, 6589, 8731], "h_max_iter": [85, 92, 80, 21, 31, 54, 38, 64, 51, 65], "h_stop_condition": [0.001621462067862438, 0.009169528088164087, 0.009716335654208971, 0.002346454071148054, 0.007001969630924772, 0.007352892880876622, 0.00933761704566553, 0.007749861335235347, 0.008973255980758862, 0.006286024997791843], "kappa": [0.6597236255198837, 0.8071647705303653, 0.6627570227987455, 0.885738137367893, 0.8367199355096173, 0.8157597011274815, 0.5100763110127147, 0.7300717335481104, 0.8907749289627251, 0.7641381770363276], "minimum_probability": [0.05366684736783671, 0.08182534973762229, 0.05797714744644096, 0.08306547005797021, 0.09200749448597417, 0.05643485976274054, 0.06530178717462123, 0.03098811919323481, 0.02634921925502519, 0.02199339721616672], "num_topics": [40, 40, 40, 40, 40, 40, 40, 40, 40, 40], "passes": [107, 443, 224, 335, 178, 447, 84, 401, 427, 490], "w_max_iter": [167, 109, 483, 249, 486, 179, 230, 111, 186, 164], "w_stop_condition": [0.000258599175944627, 0.00035215736837530164, 0.0008515426771950209, 0.00031851495066278677, 0.0006890760829715061, 0.0008133842126763416, 0.0005869803285776918, 0.00042419337226091606, 0.000594710558985541, 0.0005601670636900133]}}