{"dataset_name": "dataset_name", "dataset_path": "datasets/pl_3723_2019", "is_cached": false, "kernel": "1**2 * Matern(length_scale=1, nu=1.5)", "acq_func": "LCB", "surrogate_model": "RF", "optimization_type": "Maximize", "model_runs": 3, "save_models": true, "save_step": 1, "save_name": "result", "save_path": "tunning/res/hdp-pl_3723_2019//", "early_stop": false, "early_step": 5, "plot_model": false, "plot_best_seen": false, "plot_name": "B0_plot", "log_scale_plot": false, "search_space": {"kappa": ["Real", [0.5, 1], "uniform"], "tau": ["Real", [8, 128], "uniform"]}, "model_name": "HDP", "model_attributes": {"chunksize": 256, "kappa": 0.5277872260786934, "tau": 79.09118871509565, "K": 15, "T": 150, "alpha": 1, "gamma": 1, "eta": 0.01, "scale": 1.0, "var_converge": 0.0001}, "use_partitioning": true, "metric_name": "TDCI", "extra_metric_names": ["0_Coherence", "1_TopicDiversity"], "metric_attributes": {}, "extra_metric_attributes": {"0_Coherence": {"measure": "c_npmi", "topk": 10}, "1_TopicDiversity": {"topk": 10}}, "current_call": 9, "number_of_call": 10, "random_state": 42, "x0": {}, "y0": [], "n_random_starts": 1, "initial_point_generator": "lhs", "topk": 10, "time_eval": [18.034619331359863, 18.01510238647461, 18.319451570510864, 18.40243101119995, 18.026302337646484, 18.029202461242676, 17.88228940963745, 18.267457008361816, 18.148624658584595, 18.039973974227905], "dict_model_runs": {"TDCI": {"iteration_0": [0.3554147594384661, 0.3514028887469265, 0.35161184338987145], "iteration_1": [0.34922613046681417, 0.353423211850976, 0.3509779295931247], "iteration_2": [0.3598045405466187, 0.35738104607799687, 0.35216676813058695], "iteration_3": [0.364140308699673, 0.36170043902225024, 0.3607372245946176], "iteration_4": [0.3553845808845171, 0.35760498492484244, 0.35645678768654965], "iteration_5": [0.3540926340282416, 0.35455357446292807, 0.3534161739110079], "iteration_6": [0.35658637099950957, 0.3555659125702543, 0.35429674601207184], "iteration_7": [0.35413691434668043, 0.3552845422855256, 0.35556004429499827], "iteration_8": [0.3539324138075298, 0.35261204575630095, 0.3518697856248484], "iteration_9": [0.3596289255969851, 0.3599196092611505, 0.36403666458832123]}, "0_Coherence": {"iteration_0": [-0.529110785477601, -0.5353018171973661, -0.533388543813459], "iteration_1": [-0.5360186109621469, -0.5294657014809654, -0.5343621481571017], "iteration_2": [-0.5182399286400267, -0.5207420195910379, -0.5312534627287115], "iteration_3": [-0.5034195312538551, -0.5077725083057264, -0.5049123025569195], "iteration_4": [-0.5270137178774315, -0.524971615292543, -0.5261339703949072], "iteration_5": [-0.5300179678434429, -0.5296339504052482, -0.5313508575026631], "iteration_6": [-0.5226307205409743, -0.5219786980531133, -0.5236399947330868], "iteration_7": [-0.5292211847984165, -0.5286319732090852, -0.5280040971557153], "iteration_8": [-0.5287094771145098, -0.5304642536166093, -0.5290947856139019], "iteration_9": [-0.5112581713078707, -0.5120845059098493, -0.5068781801986942]}, "1_TopicDiversity": {"iteration_0": [0.7246666666666667, 0.7206666666666667, 0.7133333333333334], "iteration_1": [0.706, 0.71, 0.7126666666666667], "iteration_2": [0.7106666666666667, 0.7026666666666667, 0.708], "iteration_3": [0.6826666666666666, 0.682, 0.6646666666666666], "iteration_4": [0.7146666666666667, 0.7233333333333334, 0.7193333333333334], "iteration_5": [0.718, 0.72, 0.7186666666666667], "iteration_6": [0.7046666666666667, 0.694, 0.6913333333333334], "iteration_7": [0.7146666666666667, 0.7213333333333334, 0.7206666666666667], "iteration_8": [0.7106666666666667, 0.708, 0.696], "iteration_9": [0.6806666666666666, 0.686, 0.6953333333333334]}}, "f_val": [0.35161184338987145, 0.3509779295931247, 0.35738104607799687, 0.36170043902225024, 0.35645678768654965, 0.3540926340282416, 0.3555659125702543, 0.3552845422855256, 0.35261204575630095, 0.3599196092611505], "x_iters": {"kappa": [0.7273505261106861, 0.8982714934301166, 0.8724556274135113, 0.521149583514101, 0.7745110797923128, 0.9702565489160634, 0.7624393193089849, 0.7133475652962229, 0.7153936957828098, 0.5277872260786934], "tau": [107.91584387779517, 97.11928623877057, 20.29446154173533, 72.42907407389616, 35.53463491365726, 35.62908450410285, 31.954515843835278, 103.4212366517615, 63.01255437919055, 79.09118871509565]}}