{"dataset_name": "dataset_name", "dataset_path": "datasets/pl_3723_2019", "is_cached": false, "kernel": "1**2 * Matern(length_scale=1, nu=1.5)", "acq_func": "LCB", "surrogate_model": "RF", "optimization_type": "Maximize", "model_runs": 3, "save_models": true, "save_step": 1, "save_name": "result", "save_path": "tunning/res/nmf-pl_3723_2019-20//", "early_stop": false, "early_step": 5, "plot_model": false, "plot_best_seen": false, "plot_name": "B0_plot", "log_scale_plot": false, "search_space": {"chunksize": ["Integer", [500, 10000], "uniform"], "passes": ["Integer", [1, 500], "uniform"], "kappa": ["Real", [0.5, 1], "uniform"], "minimum_probability": ["Real", [0.01, 0.1], "uniform"], "w_max_iter": ["Integer", [100, 500], "uniform"], "w_stop_condition": ["Real", [0.0001, 0.001], "uniform"], "h_max_iter": ["Integer", [10, 100], "uniform"], "h_stop_condition": ["Real", [0.001, 0.01], "uniform"]}, "model_name": "NMF", "model_attributes": {"kappa": 0.7615395478271277, "minimum_probability": 0.051073444145652895, "w_stop_condition": 0.0008945725722177123, "h_stop_condition": 0.0038847485877853195, "eval_every": 10, "normalize": true}, "use_partitioning": true, "metric_name": "TDCI", "extra_metric_names": ["0_Coherence", "1_TopicDiversity"], "metric_attributes": {}, "extra_metric_attributes": {"0_Coherence": {"measure": "c_npmi", "topk": 10}, "1_TopicDiversity": {"topk": 10}}, "current_call": 9, "number_of_call": 10, "random_state": 42, "x0": {}, "y0": [], "n_random_starts": 1, "initial_point_generator": "lhs", "topk": 10, "time_eval": [220.80129957199097, 836.0159902572632, 417.00274181365967, 601.1141538619995, 336.49225091934204, 847.9277470111847, 164.55994534492493, 414.8190248012543, 22.36368703842163, 337.8896505832672], "dict_model_runs": {"TDCI": {"iteration_0": [0.5367700377527757, 0.5741801065303908, 0.5786805159161827], "iteration_1": [0.5638056678003364, 0.5691611282285286, 0.576237449691725], "iteration_2": [0.5567684474966828, 0.5575175248232417, 0.5648878745255509], "iteration_3": [0.5811571517778491, 0.5619773584474482, 0.5555027802944954], "iteration_4": [0.5711341382927326, 0.5762366784735126, 0.5998928184152481], "iteration_5": [0.5705911183799197, 0.5558178463340497, 0.5809240692951416], "iteration_6": [0.5668984077657304, 0.5636331784946158, 0.5558827598579865], "iteration_7": [0.5787067211393438, 0.5563361554051037, 0.5623234513939572], "iteration_8": [0.5111690613629969, 0.5209960772795577, 0.51735203133263], "iteration_9": [0.5654985457039325, 0.568734089995342, 0.5584394136732614]}, "0_Coherence": {"iteration_0": [-0.09536600489497596, -0.021707665544963627, -0.03253095010885358], "iteration_1": [-0.07749554628578095, -0.03618847078929106, -0.056354542182733], "iteration_2": [-0.07119678834136804, -0.05515215943800038, -0.082560986444324], "iteration_3": [-0.016212443995235026, -0.05660969997476073, -0.09162778574797556], "iteration_4": [-0.035323047371182234, -0.034839715597270976, 0.028256486140763464], "iteration_5": [-0.05493119769377439, -0.08251049267707197, -0.03518102185911755], "iteration_6": [-0.027890194509081652, -0.05193420437631707, -0.0906112932084773], "iteration_7": [-0.01351998068336649, -0.03299014698996837, -0.09681672579090711], "iteration_8": [-0.07981222415172992, -0.05422262969630269, -0.07254460946973931], "iteration_9": [-0.051292289654148046, -0.046775749074401, -0.015273844568822553]}, "1_TopicDiversity": {"iteration_0": [0.66, 0.695, 0.72], "iteration_1": [0.725, 0.695, 0.74], "iteration_2": [0.695, 0.68, 0.735], "iteration_3": [0.71, 0.695, 0.715], "iteration_4": [0.7, 0.715, 0.72], "iteration_5": [0.72, 0.705, 0.73], "iteration_6": [0.68, 0.695, 0.715], "iteration_7": [0.7, 0.655, 0.745], "iteration_8": [0.575, 0.58, 0.585], "iteration_9": [0.7, 0.705, 0.645]}}, "f_val": [0.5741801065303908, 0.5691611282285286, 0.5575175248232417, 0.5619773584474482, 0.5762366784735126, 0.5705911183799197, 0.5636331784946158, 0.5623234513939572, 0.51735203133263, 0.5654985457039325], "x_iters": {"chunksize": [4820, 1360, 5273, 5156, 9225, 5629, 8517, 9385, 9197, 4462], "h_max_iter": [85, 92, 80, 21, 31, 54, 38, 28, 61, 70], "h_stop_condition": [0.001621462067862438, 0.009169528088164087, 0.009716335654208971, 0.002346454071148054, 0.007001969630924772, 0.007352892880876622, 0.00933761704566553, 0.006640498244146363, 0.0021963270822822826, 0.0038847485877853195], "kappa": [0.6597236255198837, 0.8071647705303653, 0.6627570227987455, 0.885738137367893, 0.8367199355096173, 0.8157597011274815, 0.5100763110127147, 0.7150408757316213, 0.8863170872933596, 0.7615395478271277], "minimum_probability": [0.05366684736783671, 0.08182534973762229, 0.05797714744644096, 0.08306547005797021, 0.09200749448597417, 0.05643485976274054, 0.06530178717462123, 0.05570153053133137, 0.08232758384820288, 0.051073444145652895], "num_topics": [20, 20, 20, 20, 20, 20, 20, 20, 20, 20], "passes": [107, 443, 224, 335, 178, 447, 84, 199, 6, 159], "w_max_iter": [167, 109, 483, 249, 486, 179, 230, 455, 226, 116], "w_stop_condition": [0.000258599175944627, 0.00035215736837530164, 0.0008515426771950209, 0.00031851495066278677, 0.0006890760829715061, 0.0008133842126763416, 0.0005869803285776918, 0.0003603645130717064, 0.0007326345746430155, 0.0008945725722177123]}}