{"dataset_name": "dataset_name", "dataset_path": "datasets/pec_471_2005", "is_cached": false, "kernel": "1**2 * Matern(length_scale=1, nu=1.5)", "acq_func": "LCB", "surrogate_model": "RF", "optimization_type": "Maximize", "model_runs": 3, "save_models": true, "save_step": 1, "save_name": "result", "save_path": "tunning/res/lsi-pec_471_2005-10//", "early_stop": false, "early_step": 5, "plot_model": false, "plot_best_seen": false, "plot_name": "B0_plot", "log_scale_plot": false, "search_space": {"chunksize": ["Integer", [500, 50000], "uniform"], "decay": ["Real", [0.5, 1], "uniform"], "extra_samples": ["Integer", [10, 200], "uniform"]}, "model_name": "LSI", "model_attributes": {"decay": 0.5429948011437836, "distributed": false, "onepass": true, "power_iters": 2}, "use_partitioning": true, "metric_name": "TDCI", "extra_metric_names": ["0_Coherence", "1_TopicDiversity"], "metric_attributes": {}, "extra_metric_attributes": {"0_Coherence": {"measure": "c_npmi", "topk": 10}, "1_TopicDiversity": {"topk": 10}}, "current_call": 9, "number_of_call": 10, "random_state": 42, "x0": {}, "y0": [], "n_random_starts": 1, "initial_point_generator": "lhs", "topk": 10, "time_eval": [14.829354047775269, 15.034686803817749, 15.086005926132202, 14.982312202453613, 14.739376068115234, 14.663276433944702, 14.76481294631958, 15.195221662521362, 15.378800392150879, 15.329193353652954], "dict_model_runs": {"TDCI": {"iteration_0": [0.5030718378599632, 0.47884684566022717, 0.4632774020218113], "iteration_1": [0.47132704208782367, 0.48763636097235885, 0.4913431050282705], "iteration_2": [0.45913411973322205, 0.4758211801638392, 0.4866960705038249], "iteration_3": [0.4828312983514128, 0.4810249648776154, 0.478558411965931], "iteration_4": [0.47882303926104053, 0.46324174131475476, 0.4992914914106897], "iteration_5": [0.477604490577315, 0.47347214649272834, 0.47392292283679266], "iteration_6": [0.47931209617213566, 0.46875380326047467, 0.4686507567098878], "iteration_7": [0.5018381306490953, 0.4922934169793642, 0.4743110238968666], "iteration_8": [0.4844736937212456, 0.46623404338165925, 0.4568145944305486], "iteration_9": [0.48591783297152924, 0.4905328361054464, 0.45737962050884784]}, "0_Coherence": {"iteration_0": [-0.05825782039587505, -0.08117826463727687, -0.045275733955828054], "iteration_1": [-0.054676801631093806, -0.04826118828847723, -0.05199388886124986], "iteration_2": [-0.08345701376276618, -0.056571014172292135, -0.051836460746495304], "iteration_3": [-0.06639497554224863, -0.07312504008178297, -0.06472208345282185], "iteration_4": [-0.04469632755344697, -0.06694100455606813, -0.07141913240864277], "iteration_5": [-0.04953445461600484, -0.04600804784268353, -0.0822653596889237], "iteration_6": [-0.04274767752419345, -0.08395494129665047, -0.06538152425514676], "iteration_7": [-0.06257190272768601, -0.06522001098670617, -0.080808905503746], "iteration_8": [-0.06023477789456997, -0.03263353741543708, -0.07232248665944581], "iteration_9": [-0.036193758669580876, -0.07154752263309722, -0.06998936892332677]}, "1_TopicDiversity": {"iteration_0": [0.54, 0.5, 0.45], "iteration_1": [0.47, 0.5, 0.51], "iteration_2": [0.46, 0.48, 0.5], "iteration_3": [0.5, 0.5, 0.49], "iteration_4": [0.48, 0.46, 0.54], "iteration_5": [0.48, 0.47, 0.49], "iteration_6": [0.48, 0.48, 0.47], "iteration_7": [0.54, 0.52, 0.49], "iteration_8": [0.5, 0.45, 0.45], "iteration_9": [0.49, 0.52, 0.45]}}, "f_val": [0.47884684566022717, 0.48763636097235885, 0.4758211801638392, 0.4810249648776154, 0.47882303926104053, 0.47392292283679266, 0.46875380326047467, 0.4922934169793642, 0.46623404338165925, 0.48591783297152924], "x_iters": {"chunksize": [23008, 16295, 9581, 840, 27801, 7655, 32012, 14365, 17129, 15431], "decay": [0.9163160161574799, 0.647301666470228, 0.9777513909955975, 0.6895533024969718, 0.8556546863507225, 0.9594720691623109, 0.7177983384139199, 0.6169617268478086, 0.6858036084219006, 0.5429948011437836], "extra_samples": [23, 174, 164, 129, 83, 31, 73, 144, 179, 149], "num_topics": [10, 10, 10, 10, 10, 10, 10, 10, 10, 10]}}