{"dataset_name": "dataset_name", "dataset_path": "datasets/pec_471_2005", "is_cached": false, "kernel": "1**2 * Matern(length_scale=1, nu=1.5)", "acq_func": "LCB", "surrogate_model": "RF", "optimization_type": "Maximize", "model_runs": 3, "save_models": true, "save_step": 1, "save_name": "result", "save_path": "tunning/res/nmf-pec_471_2005-50//", "early_stop": false, "early_step": 5, "plot_model": false, "plot_best_seen": false, "plot_name": "B0_plot", "log_scale_plot": false, "search_space": {"chunksize": ["Integer", [500, 10000], "uniform"], "passes": ["Integer", [1, 500], "uniform"], "kappa": ["Real", [0.5, 1], "uniform"], "minimum_probability": ["Real", [0.01, 0.1], "uniform"], "w_max_iter": ["Integer", [100, 500], "uniform"], "w_stop_condition": ["Real", [0.0001, 0.001], "uniform"], "h_max_iter": ["Integer", [10, 100], "uniform"], "h_stop_condition": ["Real", [0.001, 0.01], "uniform"]}, "model_name": "NMF", "model_attributes": {"kappa": 0.7427418268998622, "minimum_probability": 0.09962750046180893, "w_stop_condition": 0.0009658295812090475, "h_stop_condition": 0.0075064365241952575, "eval_every": 10, "normalize": true}, "use_partitioning": true, "metric_name": "TDCI", "extra_metric_names": ["0_Coherence", "1_TopicDiversity"], "metric_attributes": {}, "extra_metric_attributes": {"0_Coherence": {"measure": "c_npmi", "topk": 10}, "1_TopicDiversity": {"topk": 10}}, "current_call": 9, "number_of_call": 10, "random_state": 42, "x0": {}, "y0": [], "n_random_starts": 1, "initial_point_generator": "lhs", "topk": 10, "time_eval": [68.1326117515564, 241.7324516773224, 126.29621076583862, 187.98797464370728, 101.1430115699768, 240.65539455413818, 247.79870438575745, 218.3636965751648, 285.0195143222809, 271.18940591812134], "dict_model_runs": {"TDCI": {"iteration_0": [0.5613242992412628, 0.5755269224898576, 0.5550468001463216], "iteration_1": [0.5547786305002043, 0.5954188254290335, 0.5687655856948621], "iteration_2": [0.5855230004254314, 0.5559786042177506, 0.5685850218176517], "iteration_3": [0.5720121325870754, 0.5868375969374209, 0.5691816437423853], "iteration_4": [0.5655225452576582, 0.5650606205824684, 0.5538175146732365], "iteration_5": [0.5827384159759279, 0.5828117076746843, 0.5886983634543949], "iteration_6": [0.5764531651948834, 0.5610359138180041, 0.5583420230158664], "iteration_7": [0.5704029670393782, 0.569595709165823, 0.5846691780086539], "iteration_8": [0.5896580869231944, 0.5742710943109357, 0.5737139317142971], "iteration_9": [0.5732136173280391, 0.5747581957417344, 0.5852905738415229]}, "0_Coherence": {"iteration_0": [0.002202544554744122, 0.04839483011597236, -0.019992043168182493], "iteration_1": [-0.011253440591005616, 0.036050036896708104, 0.013593670157715596], "iteration_2": [0.0236664656181458, -0.0049548983720978665, 0.017962553339432835], "iteration_3": [0.016581797813961765, 0.0514838927509573, 0.012476124237186359], "iteration_4": [0.015664554775304488, -0.012000116162522714, -0.019112978863807088], "iteration_5": [0.043340282142124285, 0.02671484891390351, 0.03802421304811738], "iteration_6": [0.05147247073683906, 0.0113613351324914, 0.015676676451172364], "iteration_7": [0.0044489017228175635, 0.008974618426489606, 0.0278487294633607], "iteration_8": [0.027374709639415712, 0.007216840885633714, 0.0032502224880939148], "iteration_9": [0.010853215852641566, 0.008716212398709065, 0.04405678707938193]}, "1_TopicDiversity": {"iteration_0": [0.638, 0.638, 0.64], "iteration_1": [0.632, 0.7, 0.648], "iteration_2": [0.684, 0.63, 0.644], "iteration_3": [0.654, 0.664, 0.65], "iteration_4": [0.638, 0.66, 0.636], "iteration_5": [0.66, 0.674, 0.68], "iteration_6": [0.638, 0.63, 0.62], "iteration_7": [0.66, 0.654, 0.678], "iteration_8": [0.692, 0.668, 0.67], "iteration_9": [0.662, 0.668, 0.666]}}, "f_val": [0.5613242992412628, 0.5687655856948621, 0.5685850218176517, 0.5720121325870754, 0.5650606205824684, 0.5828117076746843, 0.5610359138180041, 0.5704029670393782, 0.5742710943109357, 0.5747581957417344], "x_iters": {"chunksize": [4820, 1360, 5273, 5156, 9225, 5629, 8952, 4580, 4412, 4970], "h_max_iter": [85, 92, 80, 21, 31, 54, 83, 30, 61, 15], "h_stop_condition": [0.001621462067862438, 0.009169528088164087, 0.009716335654208971, 0.002346454071148054, 0.007001969630924772, 0.007352892880876622, 0.0013645951905033277, 0.009529040540876374, 0.008075286858282169, 0.0075064365241952575], "kappa": [0.6597236255198837, 0.8071647705303653, 0.6627570227987455, 0.885738137367893, 0.8367199355096173, 0.8157597011274815, 0.9825399684034128, 0.6439764620304408, 0.7686915529519748, 0.7427418268998622], "minimum_probability": [0.05366684736783671, 0.08182534973762229, 0.05797714744644096, 0.08306547005797021, 0.09200749448597417, 0.05643485976274054, 0.03090739736438774, 0.08639303212697812, 0.012801663833521357, 0.09962750046180893], "num_topics": [50, 50, 50, 50, 50, 50, 50, 50, 50, 50], "passes": [107, 443, 224, 335, 178, 447, 440, 397, 481, 500], "w_max_iter": [167, 109, 483, 249, 486, 179, 269, 221, 221, 222], "w_stop_condition": [0.000258599175944627, 0.00035215736837530164, 0.0008515426771950209, 0.00031851495066278677, 0.0006890760829715061, 0.0008133842126763416, 0.0008435729109445178, 0.0004875507465745343, 0.0006278810259029275, 0.0009658295812090475]}}