{"dataset_name": "dataset_name", "dataset_path": "datasets/pl_3723_2019", "is_cached": false, "kernel": "1**2 * Matern(length_scale=1, nu=1.5)", "acq_func": "LCB", "surrogate_model": "RF", "optimization_type": "Maximize", "model_runs": 3, "save_models": true, "save_step": 1, "save_name": "result", "save_path": "tunning/res/nmf-pl_3723_2019-10//", "early_stop": false, "early_step": 5, "plot_model": false, "plot_best_seen": false, "plot_name": "B0_plot", "log_scale_plot": false, "search_space": {"chunksize": ["Integer", [500, 10000], "uniform"], "passes": ["Integer", [1, 500], "uniform"], "kappa": ["Real", [0.5, 1], "uniform"], "minimum_probability": ["Real", [0.01, 0.1], "uniform"], "w_max_iter": ["Integer", [100, 500], "uniform"], "w_stop_condition": ["Real", [0.0001, 0.001], "uniform"], "h_max_iter": ["Integer", [10, 100], "uniform"], "h_stop_condition": ["Real", [0.001, 0.01], "uniform"]}, "model_name": "NMF", "model_attributes": {"kappa": 0.8846038820117543, "minimum_probability": 0.06424418417166552, "w_stop_condition": 0.0009000230919377006, "h_stop_condition": 0.009637309538690044, "eval_every": 10, "normalize": true}, "use_partitioning": true, "metric_name": "TDCI", "extra_metric_names": ["0_Coherence", "1_TopicDiversity"], "metric_attributes": {}, "extra_metric_attributes": {"0_Coherence": {"measure": "c_npmi", "topk": 10}, "1_TopicDiversity": {"topk": 10}}, "current_call": 9, "number_of_call": 10, "random_state": 42, "x0": {}, "y0": [], "n_random_starts": 1, "initial_point_generator": "lhs", "topk": 10, "time_eval": [253.04510378837585, 1053.9797132015228, 436.7178921699524, 651.8671052455902, 343.4727289676666, 901.835720539093, 154.58873963356018, 419.4370632171631, 406.1605498790741, 337.1905770301819], "dict_model_runs": {"TDCI": {"iteration_0": [0.5554595445963267, 0.5640164094394836, 0.546352886983527], "iteration_1": [0.5398698964885912, 0.5736881842622977, 0.5493521996504973], "iteration_2": [0.5909500287571997, 0.5499379642683203, 0.5844624447067583], "iteration_3": [0.5844303917484448, 0.559144897077817, 0.5537388501773737], "iteration_4": [0.576159150178202, 0.5703088141989614, 0.5669783856095251], "iteration_5": [0.5548079020972561, 0.5580077345254559, 0.5684100693372309], "iteration_6": [0.5782678650262547, 0.5871567762934894, 0.5704770529829167], "iteration_7": [0.5825721723181091, 0.578173791165581, 0.5754123627086133], "iteration_8": [0.5975237917747558, 0.5633430615059164, 0.5667969320787514], "iteration_9": [0.566490293262868, 0.5800969296410002, 0.5711157618446211]}, "0_Coherence": {"iteration_0": [-0.07921123557881005, -0.03633400746672826, -0.06781037674097871], "iteration_1": [-0.06633514266354282, -0.04640457358389002, -0.08733155592694508], "iteration_2": [0.0225944869501682, -0.10246410348854493, -0.006703329819422699], "iteration_3": [-0.025470546360511232, -0.04046966040133258, -0.08393007240045262], "iteration_4": [-0.048253586118159345, -0.01781860902522025, -0.037626849899020945], "iteration_5": [-0.0721737316194586, -0.0537433443880165, -0.07716520957238368], "iteration_6": [-0.01479450957260801, -0.043270854860287034, -0.03719616552134317], "iteration_7": [-0.04749100462192947, -0.05115065126459275, -0.07406496042538499], "iteration_8": [0.002106576453922815, -0.048053854398499185, -0.006679629692935685], "iteration_9": [-0.03903223498307233, -0.028565419199752723, -0.06193745315642357]}, "1_TopicDiversity": {"iteration_0": [0.7, 0.68, 0.66], "iteration_1": [0.64, 0.72, 0.69], "iteration_2": [0.7, 0.71, 0.71], "iteration_3": [0.73, 0.67, 0.7], "iteration_4": [0.73, 0.68, 0.69], "iteration_5": [0.69, 0.68, 0.74], "iteration_6": [0.7, 0.76, 0.7], "iteration_7": [0.75, 0.74, 0.76], "iteration_8": [0.74, 0.69, 0.66], "iteration_9": [0.69, 0.72, 0.73]}}, "f_val": [0.5554595445963267, 0.5493521996504973, 0.5844624447067583, 0.559144897077817, 0.5703088141989614, 0.5580077345254559, 0.5782678650262547, 0.578173791165581, 0.5667969320787514, 0.5711157618446211], "x_iters": {"chunksize": [4820, 1360, 5273, 5156, 9225, 5629, 8517, 7825, 7554, 5097], "h_max_iter": [85, 92, 80, 21, 31, 54, 38, 37, 30, 92], "h_stop_condition": [0.001621462067862438, 0.009169528088164087, 0.009716335654208971, 0.002346454071148054, 0.007001969630924772, 0.007352892880876622, 0.00933761704566553, 0.007504907301015866, 0.009360760603563865, 0.009637309538690044], "kappa": [0.6597236255198837, 0.8071647705303653, 0.6627570227987455, 0.885738137367893, 0.8367199355096173, 0.8157597011274815, 0.5100763110127147, 0.8498715429575868, 0.533585082245825, 0.8846038820117543], "minimum_probability": [0.05366684736783671, 0.08182534973762229, 0.05797714744644096, 0.08306547005797021, 0.09200749448597417, 0.05643485976274054, 0.06530178717462123, 0.04999879510369369, 0.055284523548229325, 0.06424418417166552], "num_topics": [10, 10, 10, 10, 10, 10, 10, 10, 10, 10], "passes": [107, 443, 224, 335, 178, 447, 84, 236, 239, 196], "w_max_iter": [167, 109, 483, 249, 486, 179, 230, 491, 408, 496], "w_stop_condition": [0.000258599175944627, 0.00035215736837530164, 0.0008515426771950209, 0.00031851495066278677, 0.0006890760829715061, 0.0008133842126763416, 0.0005869803285776918, 0.000854360024746863, 0.0006745615538523801, 0.0009000230919377006]}}