{"dataset_name": "dataset_name", "dataset_path": "datasets/pec_471_2005", "is_cached": false, "kernel": "1**2 * Matern(length_scale=1, nu=1.5)", "acq_func": "LCB", "surrogate_model": "RF", "optimization_type": "Maximize", "model_runs": 3, "save_models": true, "save_step": 1, "save_name": "result", "save_path": "tunning/res/hdp-pec_471_2005//", "early_stop": false, "early_step": 5, "plot_model": false, "plot_best_seen": false, "plot_name": "B0_plot", "log_scale_plot": false, "search_space": {"kappa": ["Real", [0.5, 1], "uniform"], "tau": ["Real", [8, 128], "uniform"]}, "model_name": "HDP", "model_attributes": {"chunksize": 256, "kappa": 0.6892979193369887, "tau": 8.237034963849144, "K": 15, "T": 150, "alpha": 1, "gamma": 1, "eta": 0.01, "scale": 1.0, "var_converge": 0.0001}, "use_partitioning": true, "metric_name": "TDCI", "extra_metric_names": ["0_Coherence", "1_TopicDiversity"], "metric_attributes": {}, "extra_metric_attributes": {"0_Coherence": {"measure": "c_npmi", "topk": 10}, "1_TopicDiversity": {"topk": 10}}, "current_call": 9, "number_of_call": 10, "random_state": 42, "x0": {}, "y0": [], "n_random_starts": 1, "initial_point_generator": "lhs", "topk": 10, "time_eval": [20.323434352874756, 20.67606782913208, 19.270139455795288, 18.72562003135681, 18.79052710533142, 19.28314471244812, 18.764876127243042, 18.734224557876587, 18.77847146987915, 18.52136206626892], "dict_model_runs": {"TDCI": {"iteration_0": [0.3503171106054171, 0.35334646120697005, 0.34930856204414085], "iteration_1": [0.35285440001073753, 0.3500580536859919, 0.35001098590852026], "iteration_2": [0.35162602057756925, 0.355241428030308, 0.35251000331859944], "iteration_3": [0.35711807726302774, 0.3592616243023005, 0.35849898941942393], "iteration_4": [0.3530431609193102, 0.3542689284146329, 0.35101052417944806], "iteration_5": [0.35386113244226114, 0.3479989784993673, 0.34819380013897255], "iteration_6": [0.35636039435225836, 0.35624546965177467, 0.3541763400549317], "iteration_7": [0.40118768829425777, 0.40443621310058264, 0.40317600783947594], "iteration_8": [0.39030645059383917, 0.39080578233642943, 0.3895733107923127], "iteration_9": [0.39635252676540017, 0.39442097145194976, 0.39216459059985803]}, "0_Coherence": {"iteration_0": [-0.5337997939809841, -0.5309039332364626, -0.5364464552575069], "iteration_1": [-0.5331788919738757, -0.5391398907822144, -0.5363443584825328], "iteration_2": [-0.5279884242664266, -0.5259397846699174, -0.5273309271286518], "iteration_3": [-0.5177120495043062, -0.512107454736612, -0.5121387612763267], "iteration_4": [-0.5286608132308406, -0.5288428889096607, -0.5327174294984904], "iteration_5": [-0.5304257139068389, -0.53818225009964, -0.5369755401517199], "iteration_6": [-0.5205416458876939, -0.524599257835086, -0.527834613503403], "iteration_7": [-0.3928546779199873, -0.39980536242998793, -0.3987901933804465], "iteration_8": [-0.431524735711007, -0.4296243032868114, -0.43526199683138356], "iteration_9": [-0.40587266654055776, -0.4192506067595113, -0.4229513994356487]}, "1_TopicDiversity": {"iteration_0": [0.7046666666666667, 0.716, 0.7086666666666667], "iteration_1": [0.7226666666666667, 0.728, 0.714], "iteration_2": [0.6893333333333334, 0.7086666666666667, 0.6933333333333334], "iteration_3": [0.688, 0.6813333333333333, 0.676], "iteration_4": [0.7033333333333334, 0.714, 0.7053333333333334], "iteration_5": [0.718, 0.706, 0.702], "iteration_6": [0.694, 0.7106666666666667, 0.7086666666666667], "iteration_7": [0.5913333333333334, 0.62, 0.612], "iteration_8": [0.6226666666666667, 0.6206666666666667, 0.628], "iteration_9": [0.5953333333333334, 0.6146666666666667, 0.612]}}, "f_val": [0.3503171106054171, 0.3500580536859919, 0.35251000331859944, 0.35849898941942393, 0.3530431609193102, 0.34819380013897255, 0.35624546965177467, 0.40317600783947594, 0.39030645059383917, 0.39442097145194976], "x_iters": {"kappa": [0.7273505261106861, 0.8982714934301166, 0.8724556274135113, 0.521149583514101, 0.7745110797923128, 0.9702565489160634, 0.7624393193089849, 0.6680300144095939, 0.5997862862941569, 0.6892979193369887], "tau": [107.91584387779517, 97.11928623877057, 20.29446154173533, 72.42907407389616, 35.53463491365726, 35.62908450410285, 31.954515843835278, 8.229062487446905, 13.779237858718425, 8.237034963849144]}}