{"dataset_name": "dataset_name", "dataset_path": "datasets/pl_3723_2019", "is_cached": false, "kernel": "1**2 * Matern(length_scale=1, nu=1.5)", "acq_func": "LCB", "surrogate_model": "RF", "optimization_type": "Maximize", "model_runs": 3, "save_models": true, "save_step": 1, "save_name": "result", "save_path": "tunning/res/nmf-pl_3723_2019-30//", "early_stop": false, "early_step": 5, "plot_model": false, "plot_best_seen": false, "plot_name": "B0_plot", "log_scale_plot": false, "search_space": {"chunksize": ["Integer", [500, 10000], "uniform"], "passes": ["Integer", [1, 500], "uniform"], "kappa": ["Real", [0.5, 1], "uniform"], "minimum_probability": ["Real", [0.01, 0.1], "uniform"], "w_max_iter": ["Integer", [100, 500], "uniform"], "w_stop_condition": ["Real", [0.0001, 0.001], "uniform"], "h_max_iter": ["Integer", [10, 100], "uniform"], "h_stop_condition": ["Real", [0.001, 0.01], "uniform"]}, "model_name": "NMF", "model_attributes": {"kappa": 0.802707627080947, "minimum_probability": 0.09599343586729303, "w_stop_condition": 0.0006317889548037621, "h_stop_condition": 0.006796381471582807, "eval_every": 10, "normalize": true}, "use_partitioning": true, "metric_name": "TDCI", "extra_metric_names": ["0_Coherence", "1_TopicDiversity"], "metric_attributes": {}, "extra_metric_attributes": {"0_Coherence": {"measure": "c_npmi", "topk": 10}, "1_TopicDiversity": {"topk": 10}}, "current_call": 9, "number_of_call": 10, "random_state": 42, "x0": {}, "y0": [], "n_random_starts": 1, "initial_point_generator": "lhs", "topk": 10, "time_eval": [244.325763463974, 840.3114149570465, 446.31846356391907, 606.8753650188446, 339.2820839881897, 829.6568510532379, 159.57566499710083, 906.9125008583069, 96.79915165901184, 36.696444511413574], "dict_model_runs": {"TDCI": {"iteration_0": [0.5835200498299843, 0.5626112498049277, 0.5525381863808698], "iteration_1": [0.5769054111358018, 0.5525075129886869, 0.568139531660485], "iteration_2": [0.5631038732396761, 0.57070794212286, 0.5756041344168502], "iteration_3": [0.5683538650825877, 0.567330249588514, 0.556714126562811], "iteration_4": [0.5608208734581274, 0.5863242528303841, 0.5696515093476913], "iteration_5": [0.568495714612235, 0.5654609119094101, 0.591663297280483], "iteration_6": [0.5727357135231357, 0.5680590775602549, 0.5608981553253125], "iteration_7": [0.577536503100081, 0.5573128498367247, 0.5833117509072941], "iteration_8": [0.5731584005494523, 0.5747237426138102, 0.5487043589584044], "iteration_9": [0.545946320283494, 0.5389895301136942, 0.5576136752640656]}, "0_Coherence": {"iteration_0": [-0.006151921777815275, -0.05327451232923368, -0.0693653609328038], "iteration_1": [-0.015440900952671728, -0.03543267008035178, -0.03427672085692428], "iteration_2": [-0.014244139703003051, -0.026832214076775045, 0.0016137532139328115], "iteration_3": [-0.02013713497611415, -0.046125610986331805, -0.050945064362954345], "iteration_4": [-0.028495859890183568, 0.0020102925145423847, -0.02657820194176052], "iteration_5": [-0.039684889427655815, -0.038751294847381705, 0.01090167425391759], "iteration_6": [-0.02424951442775385, -0.01391525982979906, -0.02465582158253831], "iteration_7": [0.00747949772766238, -0.05892716023739465, -0.02560300980732493], "iteration_8": [0.0015526769629760767, 0.006342229579803557, -0.03580511528713661], "iteration_9": [-0.028695138082120975, -0.04261584718628124, -0.01976201745906577]}, "1_TopicDiversity": {"iteration_0": [0.7066666666666667, 0.6933333333333334, 0.68], "iteration_1": [0.6966666666666667, 0.6466666666666666, 0.69], "iteration_2": [0.6566666666666666, 0.69, 0.6766666666666666], "iteration_3": [0.6766666666666666, 0.7, 0.6733333333333333], "iteration_4": [0.6633333333333333, 0.7066666666666667, 0.6866666666666666], "iteration_5": [0.6966666666666667, 0.6866666666666666, 0.7133333333333334], "iteration_6": [0.6933333333333334, 0.67, 0.66], "iteration_7": [0.6766666666666666, 0.6833333333333333, 0.7266666666666667], "iteration_8": [0.67, 0.67, 0.6366666666666667], "iteration_9": [0.6233333333333333, 0.6166666666666667, 0.6466666666666666]}}, "f_val": [0.5626112498049277, 0.568139531660485, 0.57070794212286, 0.567330249588514, 0.5696515093476913, 0.568495714612235, 0.5680590775602549, 0.577536503100081, 0.5731584005494523, 0.545946320283494], "x_iters": {"chunksize": [4820, 1360, 5273, 5156, 9225, 5629, 8517, 5245, 7132, 2019], "h_max_iter": [85, 92, 80, 21, 31, 54, 38, 60, 53, 49], "h_stop_condition": [0.001621462067862438, 0.009169528088164087, 0.009716335654208971, 0.002346454071148054, 0.007001969630924772, 0.007352892880876622, 0.00933761704566553, 0.006571715014662047, 0.005532091190415137, 0.006796381471582807], "kappa": [0.6597236255198837, 0.8071647705303653, 0.6627570227987455, 0.885738137367893, 0.8367199355096173, 0.8157597011274815, 0.5100763110127147, 0.5037207353364316, 0.9542607538015333, 0.802707627080947], "minimum_probability": [0.05366684736783671, 0.08182534973762229, 0.05797714744644096, 0.08306547005797021, 0.09200749448597417, 0.05643485976274054, 0.06530178717462123, 0.09558493561663331, 0.08719202948311718, 0.09599343586729303], "num_topics": [30, 30, 30, 30, 30, 30, 30, 30, 30, 30], "passes": [107, 443, 224, 335, 178, 447, 84, 488, 46, 13], "w_max_iter": [167, 109, 483, 249, 486, 179, 230, 306, 470, 319], "w_stop_condition": [0.000258599175944627, 0.00035215736837530164, 0.0008515426771950209, 0.00031851495066278677, 0.0006890760829715061, 0.0008133842126763416, 0.0005869803285776918, 0.0006728123173686171, 0.0006366089757848958, 0.0006317889548037621]}}