{"dataset_name": "dataset_name", "dataset_path": "datasets/pec_471_2005", "is_cached": false, "kernel": "1**2 * Matern(length_scale=1, nu=1.5)", "acq_func": "LCB", "surrogate_model": "RF", "optimization_type": "Maximize", "model_runs": 3, "save_models": true, "save_step": 1, "save_name": "result", "save_path": "tunning/res/nmf-pec_471_2005-10//", "early_stop": false, "early_step": 5, "plot_model": false, "plot_best_seen": false, "plot_name": "B0_plot", "log_scale_plot": false, "search_space": {"chunksize": ["Integer", [500, 10000], "uniform"], "passes": ["Integer", [1, 500], "uniform"], "kappa": ["Real", [0.5, 1], "uniform"], "minimum_probability": ["Real", [0.01, 0.1], "uniform"], "w_max_iter": ["Integer", [100, 500], "uniform"], "w_stop_condition": ["Real", [0.0001, 0.001], "uniform"], "h_max_iter": ["Integer", [10, 100], "uniform"], "h_stop_condition": ["Real", [0.001, 0.01], "uniform"]}, "model_name": "NMF", "model_attributes": {"kappa": 0.8711706731465979, "minimum_probability": 0.01699068717632985, "w_stop_condition": 0.00015606706338397227, "h_stop_condition": 0.002033442551226484, "eval_every": 10, "normalize": true}, "use_partitioning": true, "metric_name": "TDCI", "extra_metric_names": ["0_Coherence", "1_TopicDiversity"], "metric_attributes": {}, "extra_metric_attributes": {"0_Coherence": {"measure": "c_npmi", "topk": 10}, "1_TopicDiversity": {"topk": 10}}, "current_call": 9, "number_of_call": 10, "random_state": 42, "x0": {}, "y0": [], "n_random_starts": 1, "initial_point_generator": "lhs", "topk": 10, "time_eval": [50.62274122238159, 198.24303340911865, 101.01052451133728, 160.39703631401062, 81.02135491371155, 198.6834647655487, 16.477757453918457, 163.7626028060913, 14.759957551956177, 171.17577624320984], "dict_model_runs": {"TDCI": {"iteration_0": [0.6024890855222385, 0.6104603862236156, 0.5851787867601779], "iteration_1": [0.5896307288782149, 0.5897913754831711, 0.6053131576165365], "iteration_2": [0.581090387630968, 0.5692455575060117, 0.5641792117017417], "iteration_3": [0.5768617735835538, 0.5885336346112834, 0.5730699349500781], "iteration_4": [0.5738863146710346, 0.5732884953712301, 0.5610595209474971], "iteration_5": [0.595336562851433, 0.5889179489235397, 0.6089559361541075], "iteration_6": [0.577549443402198, 0.5685270166581672, 0.5496620636974526], "iteration_7": [0.5841576813395011, 0.5744202623102166, 0.5870550085508934], "iteration_8": [0.5876894198138004, 0.5790736907752291, 0.5435786262966689], "iteration_9": [0.578411366519267, 0.568168689585032, 0.5619936011924896]}, "0_Coherence": {"iteration_0": [-0.0018828162768421946, 0.011370554682488713, -0.04050303224641312], "iteration_1": [-0.09151912957315778, -0.04412705293436649, -0.01876710811505916], "iteration_2": [-0.059273248922801634, -0.06697236150535828, -0.09569350442459343], "iteration_3": [-0.08466140100104844, -0.04742634078179396, -0.05665380169515351], "iteration_4": [-0.07049265587650182, -0.05606141470735261, -0.1036819689885938], "iteration_5": [-0.021361136193833487, -0.06805909839417482, -0.02426743616189028], "iteration_6": [-0.04445390049028217, -0.03315661877337987, -0.0864759819595904], "iteration_7": [-0.07317743058168931, -0.07663123065146166, -0.026993352361681277], "iteration_8": [0.012870209754900313, -0.056807773366759705, -0.043985712495754524], "iteration_9": [-0.07366469046608287, -0.06155823583231627, -0.06990097649333521]}, "1_TopicDiversity": {"iteration_0": [0.76, 0.77, 0.75], "iteration_1": [0.84, 0.77, 0.79], "iteration_2": [0.76, 0.73, 0.75], "iteration_3": [0.78, 0.77, 0.73], "iteration_4": [0.75, 0.73, 0.75], "iteration_5": [0.76, 0.8, 0.81], "iteration_6": [0.73, 0.69, 0.69], "iteration_7": [0.79, 0.76, 0.74], "iteration_8": [0.7, 0.75, 0.63], "iteration_9": [0.77, 0.72, 0.71]}}, "f_val": [0.6024890855222385, 0.5897913754831711, 0.5692455575060117, 0.5768617735835538, 0.5732884953712301, 0.595336562851433, 0.5685270166581672, 0.5841576813395011, 0.5790736907752291, 0.568168689585032], "x_iters": {"chunksize": [4820, 1360, 5273, 5156, 9225, 5629, 4367, 4721, 2337, 8816], "h_max_iter": [85, 92, 80, 21, 31, 54, 25, 66, 97, 93], "h_stop_condition": [0.001621462067862438, 0.009169528088164087, 0.009716335654208971, 0.002346454071148054, 0.007001969630924772, 0.007352892880876622, 0.0032224056913229197, 0.004923230368155113, 0.0017259824588710308, 0.002033442551226484], "kappa": [0.6597236255198837, 0.8071647705303653, 0.6627570227987455, 0.885738137367893, 0.8367199355096173, 0.8157597011274815, 0.5498132452892371, 0.6320408164491248, 0.8109817422937573, 0.8711706731465979], "minimum_probability": [0.05366684736783671, 0.08182534973762229, 0.05797714744644096, 0.08306547005797021, 0.09200749448597417, 0.05643485976274054, 0.07570981302805026, 0.04951607410958306, 0.019780145653988716, 0.01699068717632985], "num_topics": [10, 10, 10, 10, 10, 10, 10, 10, 10, 10], "passes": [107, 443, 224, 335, 178, 447, 30, 364, 26, 377], "w_max_iter": [167, 109, 483, 249, 486, 179, 163, 198, 160, 169], "w_stop_condition": [0.000258599175944627, 0.00035215736837530164, 0.0008515426771950209, 0.00031851495066278677, 0.0006890760829715061, 0.0008133842126763416, 0.00010303116045636897, 0.0003951899411883388, 0.0006163424217238586, 0.00015606706338397227]}}