{"dataset_name": "dataset_name", "dataset_path": "datasets/pl_3723_2019", "is_cached": false, "kernel": "1**2 * Matern(length_scale=1, nu=1.5)", "acq_func": "LCB", "surrogate_model": "RF", "optimization_type": "Maximize", "model_runs": 3, "save_models": true, "save_step": 1, "save_name": "result", "save_path": "tunning/res/nmf-pl_3723_2019-40//", "early_stop": false, "early_step": 5, "plot_model": false, "plot_best_seen": false, "plot_name": "B0_plot", "log_scale_plot": false, "search_space": {"chunksize": ["Integer", [500, 10000], "uniform"], "passes": ["Integer", [1, 500], "uniform"], "kappa": ["Real", [0.5, 1], "uniform"], "minimum_probability": ["Real", [0.01, 0.1], "uniform"], "w_max_iter": ["Integer", [100, 500], "uniform"], "w_stop_condition": ["Real", [0.0001, 0.001], "uniform"], "h_max_iter": ["Integer", [10, 100], "uniform"], "h_stop_condition": ["Real", [0.001, 0.01], "uniform"]}, "model_name": "NMF", "model_attributes": {"kappa": 0.5365908749578859, "minimum_probability": 0.07843575813250007, "w_stop_condition": 0.00047888576418328563, "h_stop_condition": 0.007006669760571197, "eval_every": 10, "normalize": true}, "use_partitioning": true, "metric_name": "TDCI", "extra_metric_names": ["0_Coherence", "1_TopicDiversity"], "metric_attributes": {}, "extra_metric_attributes": {"0_Coherence": {"measure": "c_npmi", "topk": 10}, "1_TopicDiversity": {"topk": 10}}, "current_call": 9, "number_of_call": 10, "random_state": 42, "x0": {}, "y0": [], "n_random_starts": 1, "initial_point_generator": "lhs", "topk": 10, "time_eval": [229.39192295074463, 943.0263659954071, 447.07835602760315, 653.7765169143677, 360.78646969795227, 860.8767583370209, 991.9095768928528, 852.6165843009949, 784.9518902301788, 947.4640953540802], "dict_model_runs": {"TDCI": {"iteration_0": [0.5816138735444142, 0.5558971631616163, 0.5729154589205518], "iteration_1": [0.5674227024692045, 0.6176578802568096, 0.6016549707531155], "iteration_2": [0.5706158404765713, 0.5873630016709809, 0.5675092050964078], "iteration_3": [0.5747644462905951, 0.6013757903879069, 0.5783470738569731], "iteration_4": [0.5831471299942673, 0.593966719216732, 0.5679949453733552], "iteration_5": [0.597654481600758, 0.5807786679503032, 0.5844844067078822], "iteration_6": [0.5871975959938616, 0.5863826147678544, 0.5803766758971306], "iteration_7": [0.5850659024260778, 0.5834330206531996, 0.5784314999786282], "iteration_8": [0.5736607372045583, 0.5939408527540105, 0.5788702147951973], "iteration_9": [0.5959852529740233, 0.5786115656268499, 0.590904231950644]}, "0_Coherence": {"iteration_0": [0.010686236119017178, -0.059796698551195224, 0.009345281821901802], "iteration_1": [0.0010052053925489386, 0.06263923397545176, 0.052256755357779426], "iteration_2": [-0.024599413891823227, 0.009304885950926165, -0.02864074431073127], "iteration_3": [0.006467033968826386, 0.02753950003506813, 0.0008622023850170024], "iteration_4": [0.023724069506100873, 0.04567149571906294, -0.02207343338346158], "iteration_5": [0.04008076779070083, 0.0192790671102376, 0.0008348386527406521], "iteration_6": [0.016694337683157603, 0.01693243406841393, 0.004271967802502696], "iteration_7": [0.01297879077499411, 0.021764933600148473, 0.014899995824984458], "iteration_8": [-0.025668484815066527, 0.037080960861019786, -0.00023016330353642784], "iteration_9": [0.051943786645615345, 0.0016545737576659253, 0.014602332189241632]}, "1_TopicDiversity": {"iteration_0": [0.685, 0.68, 0.6625], "iteration_1": [0.655, 0.7375, 0.7025], "iteration_2": [0.6875, 0.7025, 0.6825], "iteration_3": [0.67, 0.725, 0.685], "iteration_4": [0.6775, 0.6875, 0.6775], "iteration_5": [0.7025, 0.675, 0.7025], "iteration_6": [0.695, 0.6925, 0.6875], "iteration_7": [0.6925, 0.68, 0.6725], "iteration_8": [0.6975, 0.695, 0.6875], "iteration_9": [0.6875, 0.685, 0.7075]}}, "f_val": [0.5729154589205518, 0.6016549707531155, 0.5706158404765713, 0.5783470738569731, 0.5831471299942673, 0.5844844067078822, 0.5863826147678544, 0.5834330206531996, 0.5788702147951973, 0.590904231950644], "x_iters": {"chunksize": [4820, 1360, 5273, 5156, 9225, 5629, 8952, 7772, 840, 5394], "h_max_iter": [85, 92, 80, 21, 31, 54, 83, 14, 56, 98], "h_stop_condition": [0.001621462067862438, 0.009169528088164087, 0.009716335654208971, 0.002346454071148054, 0.007001969630924772, 0.007352892880876622, 0.0013645951905033277, 0.0025853514053599752, 0.009819679588399514, 0.007006669760571197], "kappa": [0.6597236255198837, 0.8071647705303653, 0.6627570227987455, 0.885738137367893, 0.8367199355096173, 0.8157597011274815, 0.9825399684034128, 0.5636102445348037, 0.9324087430625077, 0.5365908749578859], "minimum_probability": [0.05366684736783671, 0.08182534973762229, 0.05797714744644096, 0.08306547005797021, 0.09200749448597417, 0.05643485976274054, 0.03090739736438774, 0.09701556902198345, 0.0820326871373006, 0.07843575813250007], "num_topics": [40, 40, 40, 40, 40, 40, 40, 40, 40, 40], "passes": [107, 443, 224, 335, 178, 447, 440, 440, 400, 442], "w_max_iter": [167, 109, 483, 249, 486, 179, 269, 260, 222, 195], "w_stop_condition": [0.000258599175944627, 0.00035215736837530164, 0.0008515426771950209, 0.00031851495066278677, 0.0006890760829715061, 0.0008133842126763416, 0.0008435729109445178, 0.0006233526670787223, 0.0008733457577178037, 0.00047888576418328563]}}