{"dataset_name": "dataset_name", "dataset_path": "datasets/pec_471_2005", "is_cached": false, "kernel": "1**2 * Matern(length_scale=1, nu=1.5)", "acq_func": "LCB", "surrogate_model": "RF", "optimization_type": "Maximize", "model_runs": 3, "save_models": true, "save_step": 1, "save_name": "result", "save_path": "tunning/res/lsi-pec_471_2005-20//", "early_stop": false, "early_step": 5, "plot_model": false, "plot_best_seen": false, "plot_name": "B0_plot", "log_scale_plot": false, "search_space": {"chunksize": ["Integer", [500, 50000], "uniform"], "decay": ["Real", [0.5, 1], "uniform"], "extra_samples": ["Integer", [10, 200], "uniform"]}, "model_name": "LSI", "model_attributes": {"decay": 0.8017702949857402, "distributed": false, "onepass": true, "power_iters": 2}, "use_partitioning": true, "metric_name": "TDCI", "extra_metric_names": ["0_Coherence", "1_TopicDiversity"], "metric_attributes": {}, "extra_metric_attributes": {"0_Coherence": {"measure": "c_npmi", "topk": 10}, "1_TopicDiversity": {"topk": 10}}, "current_call": 9, "number_of_call": 10, "random_state": 42, "x0": {}, "y0": [], "n_random_starts": 1, "initial_point_generator": "lhs", "topk": 10, "time_eval": [28.10803532600403, 28.375459909439087, 28.28026247024536, 28.123375415802002, 27.985836029052734, 27.95445942878723, 28.027913093566895, 27.984313249588013, 28.06865382194519, 28.082327365875244], "dict_model_runs": {"TDCI": {"iteration_0": [0.4086572004175216, 0.39493237299763495, 0.4043881372897254], "iteration_1": [0.4232509941135347, 0.3764871513238605, 0.3987696581731225], "iteration_2": [0.3955950400439779, 0.41002777685725167, 0.40033540298017317], "iteration_3": [0.4127384081750279, 0.4251591206469305, 0.40911608661417465], "iteration_4": [0.4251825382606329, 0.4407296374923527, 0.3963758256023927], "iteration_5": [0.4204543726165481, 0.3863436871347912, 0.42518542747718224], "iteration_6": [0.39121918258862587, 0.409933591745273, 0.4128644132349299], "iteration_7": [0.4116577170470556, 0.4369218787739284, 0.41320212490335356], "iteration_8": [0.4225162544006648, 0.40503660528394597, 0.4386816141405918], "iteration_9": [0.41513666958982526, 0.39324530354992215, 0.40981272541536473]}, "0_Coherence": {"iteration_0": [-0.1160215246010547, -0.12525491639858594, -0.10835326505508676], "iteration_1": [-0.11355090765868489, -0.12356169734800389, -0.12114980511499078], "iteration_2": [-0.1364231581072177, -0.12292847091459261, -0.09830024083697067], "iteration_3": [-0.12341512005984967, -0.11703550174009414, -0.1395945306824618], "iteration_4": [-0.1590563510457133, -0.14534562128562925, -0.11814191580419595], "iteration_5": [-0.10116930155849253, -0.10537013596487435, -0.1282331991984564], "iteration_6": [-0.12866269089372825, -0.12335930704050527, -0.1351574926850594], "iteration_7": [-0.1629240352385484, -0.13222694847331867, -0.1213208164314076], "iteration_8": [-0.12835849907235877, -0.1051944999417129, -0.13491971783584739], "iteration_9": [-0.13707202159813742, -0.10263244321755934, -0.13650752532579916]}, "1_TopicDiversity": {"iteration_0": [0.38, 0.36, 0.37], "iteration_1": [0.405, 0.33, 0.365], "iteration_2": [0.365, 0.385, 0.36], "iteration_3": [0.39, 0.41, 0.39], "iteration_4": [0.43, 0.455, 0.36], "iteration_5": [0.395, 0.34, 0.415], "iteration_6": [0.355, 0.385, 0.395], "iteration_7": [0.405, 0.44, 0.39], "iteration_8": [0.41, 0.37, 0.445], "iteration_9": [0.4, 0.35, 0.39]}}, "f_val": [0.4043881372897254, 0.3987696581731225, 0.40033540298017317, 0.4127384081750279, 0.4251825382606329, 0.4204543726165481, 0.409933591745273, 0.41320212490335356, 0.4225162544006648, 0.40981272541536473], "x_iters": {"chunksize": [23008, 16295, 9581, 840, 27801, 7655, 32012, 38534, 31512, 26697], "decay": [0.9163160161574799, 0.647301666470228, 0.9777513909955975, 0.6895533024969718, 0.8556546863507225, 0.9594720691623109, 0.7177983384139199, 0.880467009107408, 0.8152533993540326, 0.8017702949857402], "extra_samples": [23, 174, 164, 129, 83, 31, 73, 24, 19, 47], "num_topics": [20, 20, 20, 20, 20, 20, 20, 20, 20, 20]}}