{"dataset_name": "dataset_name", "dataset_path": "datasets/pl_3723_2019", "is_cached": false, "kernel": "1**2 * Matern(length_scale=1, nu=1.5)", "acq_func": "LCB", "surrogate_model": "RF", "optimization_type": "Maximize", "model_runs": 3, "save_models": true, "save_step": 1, "save_name": "result", "save_path": "tunning/res/nmf-pl_3723_2019-50//", "early_stop": false, "early_step": 5, "plot_model": false, "plot_best_seen": false, "plot_name": "B0_plot", "log_scale_plot": false, "search_space": {"chunksize": ["Integer", [500, 10000], "uniform"], "passes": ["Integer", [1, 500], "uniform"], "kappa": ["Real", [0.5, 1], "uniform"], "minimum_probability": ["Real", [0.01, 0.1], "uniform"], "w_max_iter": ["Integer", [100, 500], "uniform"], "w_stop_condition": ["Real", [0.0001, 0.001], "uniform"], "h_max_iter": ["Integer", [10, 100], "uniform"], "h_stop_condition": ["Real", [0.001, 0.01], "uniform"]}, "model_name": "NMF", "model_attributes": {"kappa": 0.6262397837101853, "minimum_probability": 0.0314799749120908, "w_stop_condition": 0.00011806433540316398, "h_stop_condition": 0.00178083450612336, "eval_every": 10, "normalize": true}, "use_partitioning": true, "metric_name": "TDCI", "extra_metric_names": ["0_Coherence", "1_TopicDiversity"], "metric_attributes": {}, "extra_metric_attributes": {"0_Coherence": {"measure": "c_npmi", "topk": 10}, "1_TopicDiversity": {"topk": 10}}, "current_call": 9, "number_of_call": 10, "random_state": 42, "x0": {}, "y0": [], "n_random_starts": 1, "initial_point_generator": "lhs", "topk": 10, "time_eval": [273.04677414894104, 934.648313999176, 442.6927373409271, 655.3772394657135, 407.8323903083801, 1032.9864447116852, 76.20838165283203, 671.0180201530457, 729.7728478908539, 649.0894994735718], "dict_model_runs": {"TDCI": {"iteration_0": [0.5855571510096306, 0.58770339182801, 0.556295439564593], "iteration_1": [0.5829557012517745, 0.5836772985441759, 0.5695991977918954], "iteration_2": [0.5587913228422402, 0.5783982096349556, 0.5923563211646712], "iteration_3": [0.6028858926378142, 0.5808870288016275, 0.5778443597861334], "iteration_4": [0.5845225608991803, 0.5764519168462569, 0.5796256601821073], "iteration_5": [0.600698716126056, 0.588371583023361, 0.586343070390902], "iteration_6": [0.5586139716784415, 0.5761612252553354, 0.5721935935969653], "iteration_7": [0.5789998313411882, 0.5907374948446175, 0.5908322220957813], "iteration_8": [0.5832381224170344, 0.5894842399414676, 0.5883270804131197], "iteration_9": [0.6051510546143307, 0.5831785760121265, 0.5825977147698804]}, "0_Coherence": {"iteration_0": [0.04245693699575217, 0.034934770434852096, -0.011312993876019093], "iteration_1": [0.022564854533468317, 0.01803829332792212, -0.00260161584049344], "iteration_2": [-0.024438620958809693, 0.03442829748745473, 0.008273633208246393], "iteration_3": [0.03708165680552358, 0.025392330426627883, 0.011398419123962396], "iteration_4": [0.034393230664763734, 0.016260871226339978, 0.048606592730512536], "iteration_5": [0.054412239380829376, 0.03240506380884766, 0.035366886280552], "iteration_6": [-0.008816561900916385, 0.03477406705125825, 0.014749248319214156], "iteration_7": [0.02898738677576282, 0.04203415734756768, 0.022241781644456005], "iteration_8": [0.02343414826721797, 0.029060130387523215, 0.01687772901536343], "iteration_9": [0.07534209880904112, 0.03255440066502519, 0.050503736250654664]}, "1_TopicDiversity": {"iteration_0": [0.668, 0.68, 0.636], "iteration_1": [0.678, 0.684, 0.664], "iteration_2": [0.654, 0.656, 0.718], "iteration_3": [0.72, 0.67, 0.674], "iteration_4": [0.672, 0.666, 0.648], "iteration_5": [0.698, 0.684, 0.676], "iteration_6": [0.64, 0.65, 0.656], "iteration_7": [0.662, 0.682, 0.7], "iteration_8": [0.678, 0.69, 0.698], "iteration_9": [0.692, 0.67, 0.654]}}, "f_val": [0.5855571510096306, 0.5829557012517745, 0.5783982096349556, 0.5808870288016275, 0.5796256601821073, 0.588371583023361, 0.5721935935969653, 0.5907374948446175, 0.5883270804131197, 0.5831785760121265], "x_iters": {"chunksize": [4820, 1360, 5273, 5156, 9225, 5629, 4367, 4721, 1016, 1568], "h_max_iter": [85, 92, 80, 21, 31, 54, 25, 66, 54, 17], "h_stop_condition": [0.001621462067862438, 0.009169528088164087, 0.009716335654208971, 0.002346454071148054, 0.007001969630924772, 0.007352892880876622, 0.0032224056913229197, 0.004923230368155113, 0.003879688859072672, 0.00178083450612336], "kappa": [0.6597236255198837, 0.8071647705303653, 0.6627570227987455, 0.885738137367893, 0.8367199355096173, 0.8157597011274815, 0.5498132452892371, 0.6320408164491248, 0.6036983259441211, 0.6262397837101853], "minimum_probability": [0.05366684736783671, 0.08182534973762229, 0.05797714744644096, 0.08306547005797021, 0.09200749448597417, 0.05643485976274054, 0.07570981302805026, 0.04951607410958306, 0.0401346518223204, 0.0314799749120908], "num_topics": [50, 50, 50, 50, 50, 50, 50, 50, 50, 50], "passes": [107, 443, 224, 335, 178, 447, 30, 364, 469, 463], "w_max_iter": [167, 109, 483, 249, 486, 179, 163, 198, 171, 193], "w_stop_condition": [0.000258599175944627, 0.00035215736837530164, 0.0008515426771950209, 0.00031851495066278677, 0.0006890760829715061, 0.0008133842126763416, 0.00010303116045636897, 0.0003951899411883388, 0.00026817894556352444, 0.00011806433540316398]}}